species	cell_hits
Ardea alba_Great Egret	180
Arenaria interpres_Ruddy Turnstone	180
Bubulcus ibis_Cattle Egret	180
Butorides striata_Striated Heron	180
Falco peregrinus_Peregrine Falcon	180
Hirundo rustica_Barn Swallow	180
Nycticorax nycticorax_Black-crowned Night-Heron	180
Passer domesticus_House Sparrow	180
Tyto alba_Barn Owl	180
Pluvialis squatarola_Black-bellied Plover	179
Ardea purpurea_Purple Heron	178
Calidris alba_Sanderling	178
Calidris ferruginea_Curlew Sandpiper	178
Calidris minuta_Little Stint	178
Hydroprogne caspia_Caspian Tern	178
Ardea cinerea_Gray Heron	177
Ardeola ralloides_Squacco Heron	177
Charadrius hiaticula_Common Ringed Plover	177
Gallinula chloropus_Eurasian Moorhen	177
Tringa stagnatilis_Marsh Sandpiper	177
Actitis hypoleucos_Common Sandpiper	176
Chlidonias hybrida_Whiskered Tern	176
Egretta garzetta_Little Egret	176
Himantopus himantopus_Black-winged Stilt	176
Ixobrychus minutus_Little Bittern	176
Milvus migrans_Black Kite	176
Numenius arquata_Eurasian Curlew	176
Pandion haliaetus_Osprey	176
Tringa glareola_Wood Sandpiper	176
Tringa nebularia_Common Greenshank	176
Oena capensis_Namaqua Dove	175
Tachybaptus ruficollis_Little Grebe	175
Numenius phaeopus_Whimbrel	173
Numida meleagris_Helmeted Guineafowl	173
Dendrocygna viduata_White-faced Whistling-Duck	172
Scopus umbretta_Hamerkop	172
Corvus albus_Pied Crow	171
Dendrocygna bicolor_Fulvous Whistling-Duck	171
Riparia riparia_Bank Swallow	171
Sterna hirundo_Common Tern	171
Plegadis falcinellus_Glossy Ibis	170
Rostratula benghalensis_Greater Painted-Snipe	170
Coturnix coturnix_Common Quail	169
Calidris pugnax_Ruff	167
Phylloscopus trochilus_Willow Warbler	167
Porphyrio madagascariensis_African Swamphen	167
Delichon urbicum_Common House-Martin	164
Muscicapa striata_Spotted Flycatcher	164
Ceryle rudis_Pied Kingfisher	163
Chlidonias leucopterus_White-winged Tern	163
Circus pygargus_Montagu's Harrier	163
Elanus caeruleus_Black-winged Kite	163
Merops apiaster_European Bee-eater	163
Apus melba_Alpine Swift	162
Hieraaetus pennatus_Booted Eagle	162
Streptopelia senegalensis_Laughing Dove	162
Accipiter badius_Shikra	161
Acrocephalus arundinaceus_Great Reed Warbler	161
Apus affinis_Little Swift	161
Ciconia nigra_Black Stork	161
Cisticola juncidis_Zitting Cisticola	161
Recurvirostra avosetta_Pied Avocet	161
Sylvia borin_Garden Warbler	161
Upupa epops_Eurasian Hoopoe	161
Ardea intermedia_Intermediate Egret	160
Chrysococcyx caprius_Dideric Cuckoo	160
Clamator glandarius_Great Spotted Cuckoo	160
Clamator jacobinus_Pied Cuckoo	160
Oriolus oriolus_Eurasian Golden Oriole	160
Apus apus_Common Swift	159
Acrocephalus schoenobaenus_Sedge Warbler	158
Ciconia ciconia_White Stork	158
Lophoceros nasutus_African Gray Hornbill	158
Micronisus gabar_Gabar Goshawk	158
Circus macrourus_Pallid Harrier	157
Cypsiurus parvus_African Palm-Swift	157
Falco naumanni_Lesser Kestrel	157
Ptyonoprogne fuligula_Rock Martin	157
Pytilia melba_Green-winged Pytilia	157
Alopochen aegyptiaca_Egyptian Goose	156
Burhinus capensis_Spotted Thick-knee	156
Chrysococcyx klaas_Klaas's Cuckoo	156
Quelea quelea_Red-billed Quelea	156
Vidua macroura_Pin-tailed Whydah	156
Limosa lapponica_Bar-tailed Godwit	155
Indicator indicator_Greater Honeyguide	154
Terpsiphone viridis_African Paradise-Flycatcher	154
Turnix sylvaticus_Small Buttonquail	154
Cinnyricinclus leucogaster_Violet-backed Starling	153
Indicator minor_Lesser Honeyguide	153
Riparia paludicola_Plain Martin	153
Tchagra senegalus_Black-crowned Tchagra	153
Actophilornis africanus_African Jacana	152
Apus caffer_White-rumped Swift	152
Ardea melanocephala_Black-headed Heron	152
Bubo lacteus_Verreaux's Eagle-Owl	152
Corythornis cristatus_Malachite Kingfisher	152
Cuculus gularis_African Cuckoo	152
Glaucidium perlatum_Pearl-spotted Owlet	152
Lagonosticta senegala_Red-billed Firefinch	152
Nilaus afer_Brubru	152
Streptopelia semitorquata_Red-eyed Dove	152
Vidua chalybeata_Village Indigobird	152
Zapornia flavirostra_Black Crake	152
Buteo buteo_Common Buzzard	151
Columba guinea_Speckled Pigeon	151
Halcyon chelicuti_Striped Kingfisher	151
Haliaeetus vocifer_African Fish-Eagle	151
Phalacrocorax carbo_Great Cormorant	151
Phoeniconaias minor_Lesser Flamingo	151
Phoenicopterus roseus_Greater Flamingo	151
Polyboroides typus_African Harrier-Hawk	151
Camaroptera brachyura_Green-backed Camaroptera	149
Estrilda astrild_Common Waxbill	149
Thalasseus sandvicensis_Sandwich Tern	149
Halcyon leucocephala_Gray-headed Kingfisher	148
Leptoptilos crumenifer_Marabou Stork	148
Megaceryle maxima_Giant Kingfisher	148
Merops persicus_Blue-cheeked Bee-eater	148
Motacilla aguimp_African Pied Wagtail	148
Chroicocephalus cirrocephalus_Gray-hooded Gull	147
Gelochelidon nilotica_Gull-billed Tern	147
Otus senegalensis_African Scops-Owl	147
Falco subbuteo_Eurasian Hobby	146
Phoeniculus purpureus_Green Woodhoopoe	146
Anthus trivialis_Tree Pipit	145
Bostrychia hagedash_Hadada Ibis	145
Chalcomitra senegalensis_Scarlet-chested Sunbird	145
Coracias garrulus_European Roller	145
Euplectes afer_Yellow-crowned Bishop	145
Eurystomus glaucurus_Broad-billed Roller	145
Lophaetus occipitalis_Long-crested Eagle	145
Macheiramphus alcinus_Bat Hawk	145
Ploceus cucullatus_Village Weaver	145
Saxicola torquatus_African Stonechat	145
Cuculus canorus_Common Cuckoo	144
Emberiza flaviventris_Golden-breasted Bunting	144
Curruca communis_Greater Whitethroat	142
Oenanthe familiaris_Familiar Chat	142
Acrocephalus baeticatus_African Reed Warbler	141
Anthus leucophrys_Plain-backed Pipit	141
Caprimulgus europaeus_Eurasian Nightjar	141
Circus aeruginosus_Eurasian Marsh-Harrier	141
Hirundo smithii_Wire-tailed Swallow	141
Motacilla flava_Western Yellow Wagtail	141
Prinia subflava_Tawny-flanked Prinia	141
Cecropis abyssinica_Lesser Striped Swallow	140
Charadrius tricollaris_Three-banded Plover	140
Clamator levaillantii_Levaillant's Cuckoo	140
Cuculus clamosus_Black Cuckoo	140
Glareola pratincola_Collared Pratincole	140
Merops pusillus_Little Bee-eater	140
Prionops plumatus_White Helmetshrike	139
Pycnonotus barbatus_Common Bulbul	138
Chloropicus fuscescens_Cardinal Woodpecker	137
Coturnix delegorguei_Harlequin Quail	137
Larus fuscus_Lesser Black-backed Gull	137
Malaconotus blanchoti_Gray-headed Bushshrike	137
Oenanthe oenanthe_Northern Wheatear	137
Stercorarius parasiticus_Parasitic Jaeger	137
Sternula albifrons_Little Tern	137
Cecropis semirufa_Rufous-chested Swallow	136
Columba livia_Rock Pigeon	135
Hippolais icterina_Icterine Warbler	135
Mirafra rufocinnamomea_Flappet Lark	135
Kaupifalco monogrammicus_Lizard Buzzard	134
Oriolus auratus_African Golden Oriole	134
Tringa ochropus_Green Sandpiper	134
Acrocephalus scirpaceus_Eurasian Reed Warbler	133
Crithagra mozambica_Yellow-fronted Canary	133
Eremomela icteropygialis_Yellow-bellied Eremomela	133
Halcyon senegalensis_Woodland Kingfisher	133
Ortygospiza atricollis_Quailfinch	133
Stercorarius pomarinus_Pomarine Jaeger	133
Cisticola aridulus_Desert Cisticola	130
Merops hirundineus_Swallow-tailed Bee-eater	130
Pernis apivorus_European Honey-buzzard	130
Spermestes cucullata_Bronze Mannikin	130
Haematopus ostralegus_Eurasian Oystercatcher	129
Telophorus sulfureopectus_Sulphur-breasted Bushshrike	129
Vanellus senegallus_Wattled Lapwing	128
Lamprotornis chalybaeus_Greater Blue-eared Starling	127
Apalis flavida_Yellow-breasted Apalis	126
Caprimulgus tristigma_Freckled Nightjar	125
Cecropis daurica_Red-rumped Swallow	125
Lanius collurio_Red-backed Shrike	125
Lanius minor_Lesser Gray Shrike	125
Treron calvus_African Green-Pigeon	125
Calidris canutus_Red Knot	124
Eupodotis senegalensis_White-bellied Bustard	124
Cisticola natalensis_Croaking Cisticola	123
Clanga pomarina_Lesser Spotted Eagle	123
Motacilla alba_White Wagtail	123
Gallinago media_Great Snipe	122
Limosa limosa_Black-tailed Godwit	122
Mirafra africana_Rufous-naped Lark	122
Pogoniulus chrysoconus_Yellow-fronted Tinkerbird	122
Tringa totanus_Common Redshank	122
Uraeginthus bengalus_Red-cheeked Cordonbleu	122
Vanellus spinosus_Spur-winged Lapwing	122
Calidris temminckii_Temminck's Stint	121
Streptopelia decipiens_Mourning Collared-Dove	121
Accipiter melanoleucus_Black Goshawk	120
Apaloderma narina_Narina Trogon	120
Buphagus africanus_Yellow-billed Oxpecker	120
Campethera abingoni_Golden-tailed Woodpecker	120
Saxicola rubetra_Whinchat	120
Charadrius alexandrinus_Kentish Plover	119
Cinnyris venustus_Variable Sunbird	119
Falco tinnunculus_Eurasian Kestrel	119
Merops albicollis_White-throated Bee-eater	119
Anthus similis_Long-billed Pipit	118
Centropus senegalensis_Senegal Coucal	118
Cinnyris cupreus_Copper Sunbird	118
Falco vespertinus_Red-footed Falcon	118
Porzana porzana_Spotted Crake	118
Cisticola cantans_Singing Cisticola	117
Fraseria plumbea_Gray Tit-Flycatcher	117
Hedydipna collaris_Collared Sunbird	117
Phoenicurus phoenicurus_Common Redstart	117
Xenus cinereus_Terek Sandpiper	117
Charadrius dubius_Little Ringed Plover	116
Chlidonias niger_Black Tern	116
Gallinago gallinago_Common Snipe	116
Stephanoaetus coronatus_Crowned Eagle	116
Dryoscopus gambensis_Northern Puffback	115
Euplectes hordeaceus_Black-winged Bishop	115
Sterna paradisaea_Arctic Tern	115
Thamnolaea cinnamomeiventris_Mocking Cliff-Chat	115
Anthus cervinus_Red-throated Pipit	114
Passer griseus_Northern Gray-headed Sparrow	114
Turtur afer_Blue-spotted Wood-Dove	114
Anthus cinnamomeus_African Pipit	113
Cisticola erythrops_Red-faced Cisticola	113
Fraseria caerulescens_Ashy Flycatcher	113
Lagonosticta rhodopareia_Jameson's Firefinch	113
Tchagra australis_Brown-crowned Tchagra	113
Cisticola aberrans_Rock-loving Cisticola	112
Cuculus solitarius_Red-chested Cuckoo	112
Iduna pallida_Eastern Olivaceous Warbler	112
Spatula querquedula_Garganey	112
Chloropicus goertae_African Gray Woodpecker	111
Cisticola brachypterus_Siffling Cisticola	111
Coracina pectoralis_White-breasted Cuckooshrike	111
Psittacula krameri_Rose-ringed Parakeet	111
Strix woodfordii_African Wood-Owl	111
Euplectes ardens_Red-collared Widowbird	110
Luscinia megarhynchos_Common Nightingale	110
Melocichla mentalis_Moustached Grass-Warbler	110
Creatophora cinerea_Wattled Starling	109
Macronyx croceus_Yellow-throated Longclaw	109
Tringa erythropus_Spotted Redshank	108
Zosterops senegalensis_Northern Yellow White-eye	108
Emberiza tahapisi_Cinnamon-breasted Bunting	107
Lanius senator_Woodchat Shrike	107
Turtur tympanistria_Tambourine Dove	107
Acrocephalus gracilirostris_Lesser Swamp Warbler	106
Cercotrichas galactotes_Rufous-tailed Scrub-Robin	106
Chroicocephalus ridibundus_Black-headed Gull	106
Cossypha niveicapilla_Snowy-crowned Robin-Chat	106
Fulica cristata_Red-knobbed Coot	106
Anas acuta_Northern Pintail	105
Burhinus vermiculatus_Water Thick-knee	105
Cisticola marginatus_Winding Cisticola	105
Turdus pelios_African Thrush	105
Chrysococcyx cupreus_African Emerald Cuckoo	104
Euodice cantans_African Silverbill	104
Sterna dougallii_Roseate Tern	104
Sylvietta brachyura_Northern Crombec	104
Amblyospiza albifrons_Grosbeak Weaver	103
Lanius humeralis_Northern Fiscal	103
Egretta gularis_Western Reef-Heron	102
Larus dominicanus_Kelp Gull	102
Chloropicus namaquus_Bearded Woodpecker	101
Cyanomitra olivacea_Olive Sunbird	101
Guttera pucherani_Crested Guineafowl	101
Lamprotornis chloropterus_Lesser Blue-eared Starling	101
Phylloscopus collybita_Common Chiffchaff	101
Ploceus nigricollis_Black-necked Weaver	101
Streptopelia capicola_Ring-necked Dove	101
Aquila nipalensis_Steppe Eagle	100
Columba larvata_Lemon Dove	100
Lagonosticta rubricata_African Firefinch	100
Melaenornis edolioides_Northern Black-Flycatcher	100
Phylloscopus sibilatrix_Wood Warbler	100
Sylvia atricapilla_Eurasian Blackcap	100
Caprimulgus climacurus_Long-tailed Nightjar	99
Euplectes franciscanus_Northern Red Bishop	99
Halcyon malimbica_Blue-breasted Kingfisher	99
Ptilopsis leucotis_Northern White-faced Owl	99
Laniarius major_Tropical Boubou	98
Oenanthe isabellina_Isabelline Wheatear	98
Rhinopomastus cyanomelas_Common Scimitarbill	98
Centropus monachus_Blue-headed Coucal	97
Cinnyris pulchellus_Beautiful Sunbird	97
Platysteira cyanea_Brown-throated Wattle-eye	97
Rallus caerulescens_African Rail	97
Zapornia pusilla_Baillon's Crake	97
Atimastillas flavicollis_Yellow-throated Greenbul	96
Uraeginthus angolensis_Southern Cordonbleu	96
Accipiter minullus_Little Sparrowhawk	95
Centropus superciliosus_White-browed Coucal	95
Plocepasser superciliosus_Chestnut-crowned Sparrow-Weaver	95
Ploceus ocularis_Spectacled Weaver	95
Salpornis salvadori_African Spotted Creeper	95
Coracias abyssinicus_Abyssinian Roller	94
Motacilla clara_Mountain Wagtail	94
Podiceps cristatus_Great Crested Grebe	94
Dicrurus divaricatus_Glossy-backed Drongo	93
Jynx torquilla_Eurasian Wryneck	93
Otus scops_Eurasian Scops-Owl	93
Sarothrura elegans_Buff-spotted Flufftail	93
Anas crecca_Green-winged Teal	91
Caprimulgus natalensis_Swamp Nightjar	91
Estrilda troglodytes_Black-rumped Waxbill	91
Pogoniulus bilineatus_Yellow-rumped Tinkerbird	91
Ptilopachus petrosus_Stone Partridge	91
Turdoides plebejus_Brown Babbler	91
Calonectris diomedea_Cory's Shearwater	90
Coracias caudatus_Lilac-breasted Roller	90
Estrilda melpoda_Orange-cheeked Waxbill	90
Ficedula hypoleuca_European Pied Flycatcher	90
Lamprotornis splendidus_Splendid Starling	90
Podiceps nigricollis_Eared Grebe	90
Spatula clypeata_Northern Shoveler	90
Burhinus senegalensis_Senegal Thick-knee	89
Colius striatus_Speckled Mousebird	89
Hydrobates pelagicus_European Storm-Petrel	89
Streptopelia vinacea_Vinaceous Dove	89
Vanellus coronatus_Crowned Lapwing	89
Vanellus tectus_Black-headed Lapwing	89
Crex crex_Corn Crake	88
Euplectes capensis_Yellow Bishop	88
Merops superciliosus_Madagascar Bee-eater	88
Monticola saxatilis_Rufous-tailed Rock-Thrush	88
Thalasseus bengalensis_Lesser Crested Tern	88
Bradypterus baboecala_Little Rush Warbler	87
Buphagus erythrorynchus_Red-billed Oxpecker	87
Calandrella cinerea_Red-capped Lark	87
Corvus capensis_Cape Crow	87
Cossypha heuglini_White-browed Robin-Chat	87
Cossypha natalensis_Red-capped Robin-Chat	87
Elminia longicauda_African Blue Flycatcher	87
Eurillas virens_Little Greenbul	87
Merops bulocki_Red-throated Bee-eater	87
Thalasseus bergii_Great Crested Tern	87
Anous stolidus_Brown Noddy	86
Caprimulgus rufigena_Rufous-cheeked Nightjar	86
Gymnoris dentata_Sahel Bush Sparrow	86
Ploceus intermedius_Lesser Masked-Weaver	86
Accipiter tachiro_African Goshawk	85
Merops orientalis_Green Bee-eater	85
Ploceus melanocephalus_Black-headed Weaver	85
Prinia erythroptera_Red-winged Prinia	85
Sporopipes frontalis_Speckle-fronted Weaver	85
Asio flammeus_Short-eared Owl	84
Circaetus gallicus_Short-toed Snake-Eagle	84
Emberiza cabanisi_Cabanis's Bunting	84
Lanius corvinus_Yellow-billed Shrike	84
Lanius isabellinus_Isabelline Shrike	84
Ploceus luteolus_Little Weaver	84
Smithornis capensis_African Broadbill	84
Turtur abyssinicus_Black-billed Wood-Dove	84
Cisticola chiniana_Rattling Cisticola	83
Cisticola lateralis_Whistling Cisticola	83
Pachyphantes superciliosus_Compact Weaver	83
Ploceus velatus_Southern Masked-Weaver	83
Zapornia parva_Little Crake	83
Cinnyris mariquensis_Mariqua Sunbird	82
Columba arquatrix_Rameron Pigeon	82
Cyanomitra verticalis_Green-headed Sunbird	82
Lymnocryptes minimus_Jack Snipe	82
Plocepasser mahali_White-browed Sparrow-Weaver	82
Bubo africanus_Spotted Eagle-Owl	81
Buteo augur_Augur Buzzard	81
Cercotrichas leucophrys_Red-backed Scrub-Robin	81
Crithagra sulphurata_Brimstone Canary	81
Bias musicus_Black-and-white Shrike-flycatcher	80
Hydrobates leucorhous_Leach's Storm-Petrel	80
Motacilla cinerea_Gray Wagtail	80
Poicephalus meyeri_Meyer's Parrot	80
Psalidoprocne pristoptera_Black Sawwing	80
Turtur chalcospilos_Emerald-spotted Wood-Dove	80
Acrocephalus palustris_Marsh Warbler	79
Bubalornis albirostris_White-billed Buffalo-Weaver	79
Campethera cailliautii_Green-backed Woodpecker	79
Ceuthmochares aereus_Blue Malkoha	79
Dicrurus adsimilis_Fork-tailed Drongo	79
Dryoscopus cubla_Black-backed Puffback	79
Glaucidium capense_African Barred Owlet	79
Muscicapa adusta_African Dusky Flycatcher	79
Vanellus armatus_Blacksmith Lapwing	79
Anthus campestris_Tawny Pipit	78
Bubalornis niger_Red-billed Buffalo-Weaver	78
Chalcomitra amethystina_Amethyst Sunbird	78
Lybius bidentatus_Double-toothed Barbet	78
Ploceus vitellinus_Vitelline Masked-Weaver	78
Sarothrura pulchra_White-spotted Flufftail	78
Ardenna grisea_Sooty Shearwater	77
Psophocichla litsitsirupa_Groundscraper Thrush	77
Vidua funerea_Variable Indigobird	77
Bycanistes subcylindricus_Black-and-white-casqued Hornbill	76
Campephaga flava_Black Cuckooshrike	76
Caprimulgus nigriscapularis_Black-shouldered Nightjar	76
Caprimulgus pectoralis_Fiery-necked Nightjar	76
Euplectes orix_Southern Red Bishop	76
Pterocles exustus_Chestnut-bellied Sandgrouse	76
Urocolius macrourus_Blue-naped Mousebird	76
Acrocephalus rufescens_Greater Swamp Warbler	75
Anas undulata_Yellow-billed Duck	75
Hedydipna platura_Pygmy Sunbird	75
Iduna natalensis_African Yellow-Warbler	75
Poicephalus fuscicollis_Brown-necked Parrot	75
Stelgidillas gracilirostris_Slender-billed Greenbul	75
Buccanodon duchaillui_Yellow-spotted Barbet	74
Cinnyris coccinigastrus_Splendid Sunbird	74
Eurillas latirostris_Yellow-whiskered Greenbul	74
Mirafra cantillans_Singing Bushlark	74
Bycanistes fistulator_Piping Hornbill	73
Campephaga quiscalina_Purple-throated Cuckooshrike	73
Cryptospiza reichenovii_Red-faced Crimsonwing	73
Ficedula albicollis_Collared Flycatcher	73
Hylia prasina_Green Hylia	73
Melaenornis pammelaina_Southern Black-Flycatcher	73
Chlorocichla simplex_Simple Greenbul	72
Galerida cristata_Crested Lark	72
Malimbus nitens_Blue-billed Malimbe	72
Motacilla capensis_Cape Wagtail	72
Muscicapa aquatica_Swamp Flycatcher	72
Oenanthe pileata_Capped Wheatear	72
Onychoprion fuscatus_Sooty Tern	72
Ortygornis sephaena_Crested Francolin	72
Ploceus nigerrimus_Vieillot's Weaver	72
Ptilostomus afer_Piapiac	72
Streptopelia turtur_European Turtle-Dove	72
Tricholaema hirsuta_Hairy-breasted Barbet	72
Batis erlangeri_Western Black-headed Batis	71
Crinifer piscator_Western Plantain-eater	71
Crithagra atrogularis_Black-throated Canary	71
Halcyon albiventris_Brown-hooded Kingfisher	71
Illadopsis fulvescens_Brown Illadopsis	71
Nicator chloris_Western Nicator	71
Nigrita canicapillus_Gray-headed Nigrita	71
Ploceus bicolor_Forest Weaver	71
Pternistis afer_Red-necked Francolin	71
Trochocercus nitens_Blue-headed Crested-Flycatcher	71
Urocolius indicus_Red-faced Mousebird	71
Bleda syndactylus_Red-tailed Bristlebill	70
Cecropis cucullata_Greater Striped Swallow	70
Cinnyris chloropygius_Olive-bellied Sunbird	70
Corythaeola cristata_Great Blue Turaco	70
Indicator variegatus_Scaly-throated Honeyguide	70
Lanius excubitor_Great Gray Shrike	70
Lophoceros fasciatus_African Pied Hornbill	70
Sylvietta rufescens_Cape Crombec	70
Sylvietta virens_Green Crombec	70
Cercotrichas podobe_Black Scrub-Robin	69
Chamaetylas poliocephala_Brown-chested Alethe	69
Columba unicincta_Afep Pigeon	69
Curruca curruca_Lesser Whitethroat	69
Eremomela pusilla_Senegal Eremomela	69
Illadopsis rufipennis_Pale-breasted Illadopsis	69
Jynx ruficollis_Rufous-necked Wryneck	69
Luscinia svecica_Bluethroat	69
Lybius vieilloti_Vieillot's Barbet	69
Merops variegatus_Blue-breasted Bee-eater	69
Prionops retzii_Retz's Helmetshrike	69
Streptopelia roseogrisea_African Collared-Dove	69
Sula leucogaster_Brown Booby	69
Aythya nyroca_Ferruginous Duck	68
Cercococcyx mechowi_Dusky Long-tailed Cuckoo	68
Cossypha polioptera_Gray-winged Robin-Chat	68
Eurillas curvirostris_Plain Greenbul	68
Lamprotornis caudatus_Long-tailed Glossy Starling	68
Lophoceros alboterminatus_Crowned Hornbill	68
Neocossyphus fraseri_Rufous Flycatcher-Thrush	68
Oriolus larvatus_African Black-headed Oriole	68
Petrochelidon spilodera_South African Swallow	68
Sarothrura rufa_Red-chested Flufftail	68
Terpsiphone rufiventer_Black-headed Paradise-Flycatcher	68
Cinnyris talatala_White-breasted Sunbird	67
Criniger calurus_Red-tailed Greenbul	67
Curruca hortensis_Western Orphean Warbler	67
Mareca penelope_Eurasian Wigeon	67
Tauraco persa_Guinea Turaco	67
Turdoides reinwardtii_Blackcap Babbler	67
Baeopogon indicator_Honeyguide Greenbul	66
Ceratogymna atrata_Black-casqued Hornbill	66
Chlorocichla flaviventris_Yellow-bellied Greenbul	66
Fraseria griseigularis_Gray-throated Tit-Flycatcher	66
Hypergerus atriceps_Oriole Warbler	66
Neocossyphus poensis_White-tailed Ant-Thrush	66
Phaethon aethereus_Red-billed Tropicbird	66
Platalea leucorodia_Eurasian Spoonbill	66
Platysteira concreta_Yellow-bellied Wattle-eye	66
Cercococcyx olivinus_Olive Long-tailed Cuckoo	65
Charadrius leschenaultii_Greater Sand-Plover	65
Columba iriditorques_Bronze-naped Pigeon	65
Cyanomitra cyanolaema_Blue-throated Brown Sunbird	65
Lanius phoenicuroides_Red-tailed Shrike	65
Onychoprion anaethetus_Bridled Tern	65
Oriolus brachyrynchus_Western Black-headed Oriole	65
Phylloscopus bonelli_Western Bonelli's Warbler	65
Pogoniulus scolopaceus_Speckled Tinkerbird	65
Trachyphonus purpuratus_Yellow-billed Barbet	65
Corythaixoides concolor_Gray Go-away-bird	64
Falco amurensis_Amur Falcon	64
Luscinia luscinia_Thrush Nightingale	64
Melaniparus funereus_Dusky Tit	64
Ploceus xanthops_Holub's Golden-Weaver	64
Aythya ferina_Common Pochard	63
Botaurus stellaris_Great Bittern	63
Dromas ardeola_Crab-Plover	63
Halcyon badia_Chocolate-backed Kingfisher	63
Horizocerus albocristatus_White-crested Hornbill	63
Lophoceros camurus_Red-billed Dwarf Hornbill	63
Pogoniulus atroflavus_Red-rumped Tinkerbird	63
Scleroptila gutturalis_Orange River Francolin	63
Thescelocichla leucopleura_Swamp Greenbul	63
Cisticola fulvicapilla_Piping Cisticola	62
Eurillas ansorgei_Ansorge's Greenbul	62
Iduna opaca_Western Olivaceous Warbler	62
Ixonotus guttatus_Spotted Greenbul	62
Macrosphenus concolor_Gray Longbill	62
Merops bullockoides_White-fronted Bee-eater	62
Oenanthe deserti_Desert Wheatear	62
Oriolus nigripennis_Black-winged Oriole	62
Phyllastrephus terrestris_Terrestrial Brownbul	62
Pogoniulus subsulphureus_Yellow-throated Tinkerbird	62
Calandrella brachydactyla_Greater Short-toed Lark	61
Calendulauda sabota_Sabota Lark	61
Caprimulgus fossii_Square-tailed Nightjar	61
Emberiza capensis_Cape Bunting	61
Eremopterix nigriceps_Black-crowned Sparrow-Lark	61
Fraseria ocreata_African Forest-Flycatcher	61
Hippolais polyglotta_Melodious Warbler	61
Lanius collaris_Southern Fiscal	61
Passer diffusus_Southern Gray-headed Sparrow	61
Pternistis squamatus_Scaly Francolin	61
Smithornis rufolateralis_Rufous-sided Broadbill	61
Spermophaga haematina_Western Bluebill	61
Sylvia abyssinica_African Hill Babbler	61
Tricholaema leucomelas_Pied Barbet	61
Turdus libonyana_Kurrichane Thrush	61
Ammomanes deserti_Desert Lark	60
Camaroptera superciliaris_Yellow-browed Camaroptera	60
Chersomanes albofasciata_Spike-heeled Lark	60
Dryotriorchis spectabilis_Congo Serpent-Eagle	60
Estrilda paludicola_Fawn-breasted Waxbill	60
Gymnoris pyrgita_Yellow-spotted Bush Sparrow	60
Poicephalus senegalus_Senegal Parrot	60
Psittacus erithacus_Gray Parrot	60
Pternistis swainsonii_Swainson's Francolin	60
Stercorarius antarcticus_Brown Skua	60
Telophorus zeylonus_Bokmakierie	60
Turtur brehmeri_Blue-headed Wood-Dove	60
Urotriorchis macrourus_Long-tailed Hawk	60
Apus pallidus_Pallid Swift	59
Athene noctua_Little Owl	59
Camaroptera chloronota_Olive-green Camaroptera	59
Cinnyris bifasciatus_Purple-banded Sunbird	59
Cossypha cyanocampter_Blue-shouldered Robin-Chat	59
Lamprotornis nitens_Cape Starling	59
Phoeniculus bollei_White-headed Woodhoopoe	59
Prinia rufifrons_Red-fronted Prinia	59
Tauraco macrorhynchus_Yellow-billed Turaco	59
Tockus erythrorhynchus_Northern Red-billed Hornbill	59
Tockus leucomelas_Southern Yellow-billed Hornbill	59
Cisticola anonymus_Chattering Cisticola	58
Coracina caesia_Gray Cuckooshrike	58
Corvus rhipidurus_Fan-tailed Raven	58
Corvus ruficollis_Brown-necked Raven	58
Gymnobucco calvus_Naked-faced Barbet	58
Melaniparus niger_Southern Black-Tit	58
Phyllolais pulchella_Buff-bellied Warbler	58
Pternistis bicalcaratus_Double-spurred Francolin	58
Anthus lineiventris_Striped Pipit	57
Apaloderma vittatum_Bar-tailed Trogon	57
Batis molitor_Chinspot Batis	57
Calidris alpina_Dunlin	57
Charadrius mongolus_Lesser Sand-Plover	57
Cisticola robustus_Stout Cisticola	57
Cisticola tinniens_Levaillant's Cisticola	57
Cossypha caffra_Cape Robin-Chat	57
Emberiza hortulana_Ortolan Bunting	57
Fulica atra_Eurasian Coot	57
Lybius torquatus_Black-collared Barbet	57
Pterocles senegallus_Spotted Sandgrouse	57
Telophorus viridis_Four-colored Bushshrike	57
Trachyphonus vaillantii_Crested Barbet	57
Calendulauda africanoides_Fawn-colored Lark	56
Cisticola ayresii_Wing-snapping Cisticola	56
Euplectes progne_Long-tailed Widowbird	56
Eupodotis ruficrista_Red-crested Bustard	56
Gymnoris superciliaris_Yellow-throated Bush Sparrow	56
Illadopsis puveli_Puvel's Illadopsis	56
Myrmecocichla aethiops_Northern Anteater-Chat	56
Turdoides jardineii_Arrow-marked Babbler	56
Alaemon alaudipes_Greater Hoopoe-Lark	55
Balearica regulorum_Gray Crowned-Crane	55
Bucorvus leadbeateri_Southern Ground-Hornbill	55
Corvus splendens_House Crow	55
Lamprotornis australis_Burchell's Starling	55
Laniarius barbarus_Yellow-crowned Gonolek	55
Platysteira peltata_Black-throated Wattle-eye	55
Agapornis roseicollis_Rosy-faced Lovebird	54
Cisticola textrix_Cloud Cisticola	54
Stiphrornis erythrothorax_Forest Robin	54
Apalis cinerea_Gray Apalis	53
Curruca nisoria_Barred Warbler	53
Curruca subcoerulea_Chestnut-vented Warbler	53
Gyps fulvus_Eurasian Griffon	53
Melaniparus leucomelas_White-winged Black-Tit	53
Myrmecocichla nigra_Sooty Chat	53
Ammomanes cinctura_Bar-tailed Lark	52
Bycanistes bucinator_Trumpeter Hornbill	52
Geokichla gurneyi_Orange Ground-Thrush	52
Hypargos niveoguttatus_Peters's Twinspot	52
Anthoscopus minutus_Southern Penduline-Tit	51
Aythya fuligula_Tufted Duck	51
Burhinus oedicnemus_Eurasian Thick-knee	51
Eremomela scotops_Greencap Eremomela	51
Lanius nubicus_Masked Shrike	51
Melaniparus cinerascens_Ashy Tit	51
Sporopipes squamifrons_Scaly Weaver	51
Acridotheres tristis_Common Myna	50
Centropus leucogaster_Black-throated Coucal	50
Chloropicus griseocephalus_Olive Woodpecker	50
Musophaga rossae_Ross's Turaco	50
Passer melanurus_Cape Sparrow	50
Phoenicurus ochruros_Black Redstart	50
Acrocephalus griseldis_Basra Reed Warbler	49
Anas platyrhynchos_Mallard	49
Apalis rufogularis_Buff-throated Apalis	49
Bucanetes githagineus_Trumpeter Finch	49
Dicrurus ludwigii_Common Square-tailed Drongo	49
Glaucestrilda caerulescens_Lavender Waxbill	49
Laniarius bicolor_Gabon Boubou	49
Locustella luscinioides_Savi's Warbler	49
Ptyonoprogne rupestris_Eurasian Crag-Martin	49
Telophorus nigrifrons_Black-fronted Bushshrike	49
Turdus olivaceus_Olive Thrush	49
Cichladusa arquata_Collared Palm-Thrush	48
Crithagra flaviventris_Yellow Canary	48
Dicrurus atripennis_Shining Drongo	48
Emberiza impetuani_Lark-like Bunting	48
Eupodotis afraoides_White-quilled Bustard	48
Glaucidium tephronotum_Red-chested Owlet	48
Laniarius luehderi_Lühder's Bushshrike	48
Mareca strepera_Gadwall	48
Nectarinia famosa_Malachite Sunbird	48
Platysteira castanea_Chestnut Wattle-eye	48
Prinia flavicans_Black-chested Prinia	48
Serinus flavivertex_Yellow-crowned Canary	48
Alethe castanea_Fire-crested Alethe	47
Cercotrichas hartlaubi_Brown-backed Scrub-Robin	47
Cossypha albicapillus_White-crowned Robin-Chat	47
Laniarius atrococcineus_Crimson-breasted Gonolek	47
Monticola solitarius_Blue Rock-Thrush	47
Myrmecocichla monticola_Mountain Wheatear	47
Phyllastrephus cabanisi_Cabanis's Greenbul	47
Pterocles namaqua_Namaqua Sandgrouse	47
Pycnonotus nigricans_Black-fronted Bulbul	47
Aquila chrysaetos_Golden Eagle	46
Cercotrichas paena_Kalahari Scrub-Robin	46
Cinnyris afer_Greater Double-collared Sunbird	46
Crithagra gularis_Streaky-headed Seedeater	46
Laniarius erythrogaster_Black-headed Gonolek	46
Nicator gularis_Eastern Nicator	46
Onychognathus morio_Red-winged Starling	46
Phalaropus fulicarius_Red Phalarope	46
Pogoniulus pusillus_Red-fronted Tinkerbird	46
Sternula saundersi_Saunders's Tern	46
Accipiter nisus_Eurasian Sparrowhawk	45
Campethera nubica_Nubian Woodpecker	45
Cercotrichas quadrivirgata_Bearded Scrub-Robin	45
Grus grus_Common Crane	45
Melaniparus rufiventris_Rufous-bellied Tit	45
Pternistis adspersus_Red-billed Francolin	45
Scleroptila levaillantii_Red-winged Francolin	45
Streptopelia lugens_Dusky Turtle-Dove	45
Sula dactylatra_Masked Booby	45
Trochocercus cyanomelas_African Crested-Flycatcher	45
Xema sabini_Sabine's Gull	45
Apalis jacksoni_Black-throated Apalis	44
Bleda notatus_Lesser Bristlebill	44
Bycanistes albotibialis_White-thighed Hornbill	44
Cisticola subruficapilla_Red-headed Cisticola	44
Ficedula semitorquata_Semicollared Flycatcher	44
Gymnobucco bonapartei_Gray-throated Barbet	44
Onychognathus nabouroup_Pale-winged Starling	44
Platysteira blissetti_Red-cheeked Wattle-eye	44
Tockus rufirostris_Southern Red-billed Hornbill	44
Turdoides hartlaubii_Hartlaub's Babbler	44
Batis orientalis_Gray-headed Batis	43
Cinnyris fuscus_Dusky Sunbird	43
Crithagra albogularis_White-throated Canary	43
Cuculus rochii_Madagascar Cuckoo	43
Hippolais olivetorum_Olive-tree Warbler	43
Lamprotornis mevesii_Meves's Starling	43
Lamprotornis purpuroptera_Rüppell's Starling	43
Myrmecocichla arnotti_Arnot's Chat	43
Nectarinia kilimensis_Bronze Sunbird	43
Phyllastrephus cerviniventris_Gray-olive Greenbul	43
Prinia bairdii_Banded Prinia	43
Zosterops anderssoni_Southern Yellow White-eye	43
Calamonastes fasciolatus_Barred Wren-Warbler	42
Cisticola lais_Wailing Cisticola	42
Clanga clanga_Greater Spotted Eagle	42
Illadopsis cleaveri_Blackcap Illadopsis	42
Macrosphenus flavicans_Yellow Longbill	42
Oenanthe pleschanka_Pied Wheatear	42
Philetairus socius_Sociable Weaver	42
Saxicola rubicola_European Stonechat	42
Spiloptila clamans_Cricket Longtail	42
Stercorarius longicaudus_Long-tailed Jaeger	42
Zosterops pallidus_Orange River White-eye	42
Aquila heliaca_Imperial Eagle	41
Bradypterus lopezi_Evergreen-forest Warbler	41
Emberiza striolata_Striolated Bunting	41
Phyllastrephus strepitans_Northern Brownbul	41
Phylloscopus umbrovirens_Brown Woodland-Warbler	41
Corvus albicollis_White-necked Raven	40
Locustella naevia_Common Grasshopper-Warbler	40
Oenanthe melanoleuca_Eastern Black-eared Wheatear	40
Tadorna ferruginea_Ruddy Shelduck	40
Chroicocephalus genei_Slender-billed Gull	39
Curruca melanocephala_Sardinian Warbler	39
Hirundo angolensis_Angola Swallow	39
Irania gutturalis_White-throated Robin	39
Myrmecocichla formicivora_Southern Anteater-Chat	39
Oenanthe hispanica_Western Black-eared Wheatear	39
Oenanthe leucopyga_White-crowned Wheatear	39
Sylvietta ruficapilla_Red-capped Crombec	39
Tauraco schalowi_Schalow's Turaco	39
Cercotrichas barbata_Miombo Scrub-Robin	38
Coccopygia quartinia_Yellow-bellied Waxbill	38
Daption capense_Cape Petrel	38
Illadopsis albipectus_Scaly-breasted Illadopsis	38
Pluvialis fulva_Pacific Golden-Plover	38
Anthropoides virgo_Demoiselle Crane	37
Apalis alticola_Brown-headed Apalis	37
Bleda canicapillus_Gray-headed Bristlebill	37
Diomedea exulans_Wandering Albatross	37
Hippolais languida_Upcher's Warbler	37
Lybius guifsobalito_Black-billed Barbet	37
Mirafra passerina_Monotonous Lark	37
Passer simplex_Desert Sparrow	37
Pternistis ahantensis_Ahanta Francolin	37
Thalassarche melanophris_Black-browed Albatross	37
Anous tenuirostris_Lesser Noddy	36
Batis pririt_Pririt Batis	36
Bradypterus cinnamomeus_Cinnamon Bracken-Warbler	36
Cisticola pipiens_Chirping Cisticola	36
Neocossyphus rufus_Red-tailed Ant-Thrush	36
Telophorus bocagei_Gray-green Bushshrike	36
Turdus abyssinicus_Abyssinian Thrush	36
Curruca iberiae_Western Subalpine Warbler	35
Laniarius ferrugineus_Southern Boubou	35
Macrosphenus kempi_Kemp's Longbill	35
Nicator vireo_Yellow-throated Nicator	35
Pogonocichla stellata_White-starred Robin	35
Sterna repressa_White-cheeked Tern	35
Sturnus vulgaris_European Starling	35
Tadorna cana_South African Shelduck	35
Colius colius_White-backed Mousebird	34
Melaniparus afer_Gray Tit	34
Oenanthe scotocerca_Brown-tailed Chat	34
Ploceus galbula_Rüppell's Weaver	34
Ploceus xanthopterus_Southern Brown-throated Weaver	34
Serinus canicollis_Cape Canary	34
Alcedo atthis_Common Kingfisher	33
Calamonastes simplex_Gray Wren-Warbler	33
Cinnyris habessinicus_Shining Sunbird	33
Cuculus poliocephalus_Lesser Cuckoo	33
Estrilda nonnula_Black-crowned Waxbill	33
Malcorus pectoralis_Rufous-eared Warbler	33
Pseudonigrita arnaudi_Gray-headed Social-Weaver	33
Rhodophoneus cruentus_Rosy-patched Bushshrike	33
Sylvietta whytii_Red-faced Crombec	33
Vanellus vanellus_Northern Lapwing	33
Calidris falcinellus_Broad-billed Sandpiper	32
Caprimulgus clarus_Slender-tailed Nightjar	32
Criniger barbatus_Western Bearded-Greenbul	32
Criniger chloronotus_Eastern Bearded-Greenbul	32
Hedydipna metallica_Nile Valley Sunbird	32
Mirafra fasciolata_Eastern Clapper Lark	32
Neocossyphus finschi_Finsch's Flycatcher-Thrush	32
Oenanthe melanura_Blackstart	32
Ploceus baglafecht_Baglafecht Weaver	32
Saxicola maurus_Siberian Stonechat	32
Scleroptila shelleyi_Shelley's Francolin	32
Turdus philomelos_Song Thrush	32
Ceuthmochares australis_Green Malkoha	31
Cichladusa guttata_Spotted Morning-Thrush	31
Cinnyris gertrudis_Western Miombo Sunbird	31
Cinnyris osea_Palestine Sunbird	31
Cinnyris reichenowi_Northern Double-collared Sunbird	31
Cisticola chubbi_Chubb's Cisticola	31
Cyanomitra veroxii_Mouse-colored Sunbird	31
Dinemellia dinemelli_White-headed Buffalo-Weaver	31
Locustella fluviatilis_River Warbler	31
Macronyx fuelleborni_Fülleborn's Longclaw	31
Notopholia corusca_Black-bellied Starling	31
Phyllastrephus fischeri_Fischer's Greenbul	31
Phyllastrephus flavostriatus_Yellow-streaked Greenbul	31
Spheniscus demersus_African Penguin	31
Alethe diademata_White-tailed Alethe	30
Geokichla guttata_Spotted Ground-Thrush	30
Phalaropus lobatus_Red-necked Phalarope	30
Ploceus subaureus_African Golden-Weaver	30
Carpospiza brachydactyla_Pale Rockfinch	29
Charadrius morinellus_Eurasian Dotterel	29
Crithagra striolata_Streaky Seedeater	29
Falco columbarius_Merlin	29
Melaenornis silens_Fiscal Flycatcher	29
Achaetops pycnopygius_Rockrunner	28
Alauda arvensis_Eurasian Skylark	28
Bycanistes brevis_Silvery-cheeked Hornbill	28
Emberiza sahari_House Bunting	28
Onychognathus walleri_Waller's Starling	28
Pternistis natalensis_Natal Francolin	28
Puffinus puffinus_Manx Shearwater	28
Stenostira scita_Fairy Flycatcher	28
Tricholaema lacrymosa_Spot-flanked Barbet	28
Turdus smithi_Karoo Thrush	28
Anthus pratensis_Meadow Pipit	27
Apalis thoracica_Bar-throated Apalis	27
Bathmocercus rufus_Black-faced Rufous-Warbler	27
Buteo oreophilus_Mountain Buzzard	27
Caprimulgus poliocephalus_Abyssinian Nightjar	27
Corythaixoides leucogaster_White-bellied Go-away-bird	27
Curruca crassirostris_Eastern Orphean Warbler	27
Lamprotornis superbus_Superb Starling	27
Pholia sharpii_Sharpe's Starling	27
Pternistis hildebrandti_Hildebrandt's Francolin	27
Pternistis leucoscepus_Yellow-necked Francolin	27
Tricholaema melanocephala_Black-throated Barbet	27
Andropadus importunus_Sombre Greenbul	26
Cercococcyx montanus_Barred Long-tailed Cuckoo	26
Galerida theklae_Thekla's Lark	26
Laniarius aethiopicus_Ethiopian Boubou	26
Passer swainsonii_Swainson's Sparrow	26
Tadorna tadorna_Common Shelduck	26
Acrocephalus stentoreus_Clamorous Reed Warbler	25
Apalis melanocephala_Black-headed Apalis	25
Apalis sharpii_Sharpe's Apalis	25
Merops oreobates_Cinnamon-chested Bee-eater	25
Onychognathus tenuirostris_Slender-billed Starling	25
Streptopelia decaocto_Eurasian Collared-Dove	25
Tauraco porphyreolophus_Purple-crested Turaco	25
Anthoscopus musculus_Mouse-colored Penduline-Tit	24
Batis capensis_Cape Batis	24
Calendulauda poecilosterna_Pink-breasted Lark	24
Cercotrichas coryphoeus_Karoo Scrub-Robin	24
Certhilauda subcoronata_Karoo Long-billed Lark	24
Eremomela gregalis_Yellow-rumped Eremomela	24
Eupodotis vigorsii_Karoo Bustard	24
Fringilla coelebs_Common Chaffinch	24
Granatina ianthinogaster_Purple Grenadier	24
Phylloscopus budongoensis_Uganda Woodland-Warbler	24
Pluvialis apricaria_European Golden-Plover	24
Poicephalus cryptoxanthus_Brown-headed Parrot	24
Agapornis canus_Gray-headed Lovebird	23
Alectoris barbara_Barbary Partridge	23
Anthreptes orientalis_Eastern Violet-backed Sunbird	23
Bradornis microrhynchus_African Gray Flycatcher	23
Cisticola cinereolus_Ashy Cisticola	23
Crithagra dorsostriata_White-bellied Canary	23
Crithagra reichenowi_Reichenow's Seedeater	23
Elminia albonotata_White-tailed Crested-Flycatcher	23
Eminia lepida_Gray-capped Warbler	23
Eurocephalus ruppelli_White-rumped Shrike	23
Laniarius funebris_Slate-colored Boubou	23
Melaenornis fischeri_White-eyed Slaty-Flycatcher	23
Scotocerca inquieta_Scrub Warbler	23
Serinus alario_Black-headed Canary	23
Sphenoeacus afer_Cape Grassbird	23
Trachyphonus darnaudii_D'Arnaud's Barbet	23
Trachyphonus erythrocephalus_Red-and-yellow Barbet	23
Vidua fischeri_Straw-tailed Whydah	23
Acrocephalus newtoni_Madagascar Swamp Warbler	22
Arizelocichla masukuensis_Shelley's Greenbul	22
Atelornis crossleyi_Rufous-headed Ground-Roller	22
Atelornis pittoides_Pitta-like Ground-Roller	22
Athene superciliaris_White-browed Owl	22
Bernieria madagascariensis_Long-billed Bernieria	22
Bradypterus brunneus_Brown Emutail	22
Buteo brachypterus_Madagascar Buzzard	22
Calamonastes stierlingi_Stierling's Wren-Warbler	22
Calicalicus madagascariensis_Red-tailed Vanga	22
Caprimulgus madagascariensis_Madagascar Nightjar	22
Centropus toulou_Malagasy Coucal	22
Chloris chloris_European Greenfinch	22
Cisticola cherina_Madagascar Cisticola	22
Coracina cinerea_Madagascar Cuckooshrike	22
Coracopsis nigra_Lesser Vasa Parrot	22
Coracopsis vasa_Greater Vasa Parrot	22
Coua caerulea_Blue Coua	22
Coua coquereli_Coquerel's Coua	22
Coua cristata_Crested Coua	22
Coua gigas_Giant Coua	22
Coua reynaudii_Red-fronted Coua	22
Coua ruficeps_Red-capped Coua	22
Coua serriana_Red-breasted Coua	22
Crossleyia xanthophrys_Yellow-browed Oxylabes	22
Cryptosylvicola randrianasoloi_Cryptic Warbler	22
Cyanolanius madagascarinus_Blue Vanga	22
Dicrurus forficatus_Crested Drongo	22
Dryolimnas cuvieri_White-throated Rail	22
Emberiza calandra_Corn Bunting	22
Eremopterix hova_Madagascar Lark	22
Erithacus rubecula_European Robin	22
Falculea palliata_Sickle-billed Vanga	22
Fregata ariel_Lesser Frigatebird	22
Fregata minor_Great Frigatebird	22
Geokichla piaggiae_Abyssinian Ground-Thrush	22
Hypsipetes madagascariensis_Malagasy Bulbul	22
Kakamega poliothorax_Gray-chested Babbler	22
Lamprotornis bicolor_African Pied Starling	22
Leptosomus discolor_Cuckoo-roller	22
Mesitornis unicolor_Brown Mesite	22
Mesitornis variegatus_White-breasted Mesite	22
Monticola sharpei_Forest Rock-Thrush	22
Motacilla flaviventris_Madagascar Wagtail	22
Mystacornis crossleyi_Crossley's Vanga	22
Neomixis striatigula_Stripe-throated Jery	22
Neomixis tenella_Common Jery	22
Nesillas lantzii_Subdesert Brush-Warbler	22
Nesillas typica_Malagasy Brush-Warbler	22
Newtonia amphichroa_Dark Newtonia	22
Newtonia archboldi_Archbold's Newtonia	22
Newtonia brunneicauda_Common Newtonia	22
Oenanthe leucura_Black Wheatear	22
Otus madagascariensis_Torotoroka Scops-Owl	22
Otus rutilus_Madagascar Scops-Owl	22
Oxylabes madagascariensis_White-throated Oxylabes	22
Phaethon lepturus_White-tailed Tropicbird	22
Phaethon rubricauda_Red-tailed Tropicbird	22
Phedina borbonica_Mascarene Martin	22
Philepitta schlegeli_Schlegel's Asity	22
Phylloscopus ruficapilla_Yellow-throated Woodland-Warbler	22
Ploceus nelicourvi_Nelicourvi Weaver	22
Ploceus sakalava_Sakalava Weaver	22
Sarothrura insularis_Madagascar Flufftail	22
Schetba rufa_Rufous Vanga	22
Terpsiphone mutata_Malagasy Paradise-Flycatcher	22
Tylas eduardi_Tylas Vanga	22
Upupa marginata_Madagascar Hoopoe	22
Vanellus melanopterus_Black-winged Lapwing	22
Vanga curvirostris_Hook-billed Vanga	22
Xanthomixis zosterops_Spectacled Tetraka	22
Xenopirostris damii_Van Dam's Vanga	22
Xenopirostris polleni_Pollen's Vanga	22
Zosterops maderaspatanus_Malagasy White-eye	22
Alaudala somalica_Somali Short-toed Lark	21
Ardenna pacifica_Wedge-tailed Shearwater	21
Caprimulgus ruficollis_Red-necked Nightjar	21
Circus cyaneus_Hen Harrier	21
Cisticola woosnami_Trilling Cisticola	21
Coccopygia melanotis_Swee Waxbill	21
Copsychus albospecularis_Madagascar Magpie-Robin	21
Cossypha humeralis_White-throated Robin-Chat	21
Foudia madagascariensis_Red Fody	21
Ichthyaetus audouinii_Audouin's Gull	21
Iduna similis_Mountain Yellow-Warbler	21
Passer hispaniolensis_Spanish Sparrow	21
Ploceus spekei_Speke's Weaver	21
Prinia gracilis_Graceful Prinia	21
Turdus merula_Eurasian Blackbird	21
Zosterops abyssinicus_Abyssinian White-eye	21
Calendulauda alopex_Foxy Lark	20
Cinnyris chalybeus_Southern Double-collared Sunbird	20
Cinnyris nectarinioides_Black-bellied Sunbird	20
Cinnyris sovimanga_Souimanga Sunbird	20
Columba delegorguei_Delegorgue's Pigeon	20
Lophoceros hemprichii_Hemprich's Hornbill	20
Melaniparus thruppi_Somali Tit	20
Oreolais pulcher_Black-collared Apalis	20
Rallus aquaticus_Water Rail	20
Stactolaema leucotis_White-eared Barbet	20
Stactolaema olivacea_Green Barbet	20
Turdoides leucopygia_White-rumped Babbler	20
Zosterops virens_Cape White-eye	20
Acrocephalus paludicola_Aquatic Warbler	19
Anous minutus_Black Noddy	19
Arizelocichla nigriceps_Eastern Mountain Greenbul	19
Asio otus_Long-eared Owl	19
Batis perkeo_Pygmy Batis	19
Cinnyris erythrocercus_Red-chested Sunbird	19
Curruca boehmi_Banded Parisoma	19
Illadopsis pyrrhoptera_Mountain Illadopsis	19
Larus michahellis_Yellow-legged Gull	19
Monticola rupestris_Cape Rock-Thrush	19
Oriolus percivali_Black-tailed Oriole	19
Poicephalus rufiventris_Red-bellied Parrot	19
Pternistis erckelii_Erckel's Francolin	19
Telophorus dohertyi_Doherty's Bushshrike	19
Tockus deckeni_Von der Decken's Hornbill	19
Apalis porphyrolaema_Chestnut-throated Apalis	18
Columba palumbus_Common Wood-Pigeon	18
Cossypha semirufa_Rüppell's Robin-Chat	18
Ichthyaetus melanocephalus_Mediterranean Gull	18
Macronyx capensis_Orange-throated Longclaw	18
Melaniparus albiventris_White-bellied Tit	18
Morus bassanus_Northern Gannet	18
Prinia maculosa_Karoo Prinia	18
Tauraco livingstonii_Livingstone's Turaco	18
Turdus tephronotus_African Bare-eyed Thrush	18
Campethera mombassica_Mombasa Woodpecker	17
Curruca conspicillata_Spectacled Warbler	17
Emarginata sinuata_Sickle-winged Chat	17
Stercorarius skua_Great Skua	17
Telophorus olivaceus_Olive Bushshrike	17
Tricholaema diademata_Red-fronted Barbet	17
Turdus torquatus_Ring Ouzel	17
Alaudala rufescens_Mediterranean Short-toed Lark	16
Batis soror_Pale Batis	16
Bradypterus barratti_Barratt's Warbler	16
Bradypterus carpalis_White-winged Swamp Warbler	16
Cercotrichas signata_Brown Scrub-Robin	16
Chlorocichla laetissima_Joyful Greenbul	16
Cisticola haematocephalus_Coastal Cisticola	16
Laniarius sublacteus_Zanzibar Boubou	16
Lanius cabanisi_Long-tailed Fiscal	16
Linaria cannabina_Eurasian Linnet	16
Milvus milvus_Red Kite	16
Pternistis capensis_Cape Francolin	16
Puffinus bailloni_Tropical Shearwater	16
Rissa tridactyla_Black-legged Kittiwake	16
Tauraco fischeri_Fischer's Turaco	16
Tockus kempi_Western Red-billed Hornbill	16
Acrocephalus melanopogon_Moustached Warbler	15
Anthropoides paradiseus_Blue Crane	15
Anthus richardi_Richard's Pipit	15
Anthus spinoletta_Water Pipit	15
Cinnyris regius_Regal Sunbird	15
Erythrocercus holochlorus_Yellow Flycatcher	15
Gallus gallus_Red Junglefowl	15
Laniarius fuelleborni_Fülleborn's Boubou	15
Pastor roseus_Rosy Starling	15
Phragmacia substriata_Namaqua Warbler	15
Ploceus capensis_Cape Weaver	15
Pogoniulus simplex_Green Tinkerbird	15
Sylvia atriceps_Rwenzori Hill Babbler	15
Vanellus leucurus_White-tailed Lapwing	15
Arizelocichla milanjensis_Stripe-cheeked Greenbul	14
Calidris fuscicollis_White-rumped Sandpiper	14
Carduelis carduelis_European Goldfinch	14
Crithagra hyposticta_Southern Citril	14
Eurystomus orientalis_Dollarbird	14
Fringilla montifringilla_Brambling	14
Larus cachinnans_Caspian Gull	14
Melanitta nigra_Common Scoter	14
Phoenicurus moussieri_Moussier's Redstart	14
Turdus viscivorus_Mistle Thrush	14
Alectoris chukar_Chukar	13
Apalis personata_Black-faced Apalis	13
Chloropicus spodocephalus_Mountain Gray Woodpecker	13
Cossypha archeri_Archer's Robin-Chat	13
Emberiza caesia_Cretzschmar's Bunting	13
Emberiza cineracea_Cinereous Bunting	13
Fregata magnificens_Magnificent Frigatebird	13
Onychognathus tristramii_Tristram's Starling	13
Phylloscopus ibericus_Iberian Chiffchaff	13
Ploceus jacksoni_Golden-backed Weaver	13
Pycnonotus xanthopygos_White-spectacled Bulbul	13
Serinus serinus_European Serin	13
Spinus spinus_Eurasian Siskin	13
Sterna sumatrana_Black-naped Tern	13
Strix hadorami_Desert Owl	13
Zosterops flavilateralis_Pale White-eye	13
Accipiter gentilis_Northern Goshawk	12
Anthus crenatus_Yellow-tufted Pipit	12
Apalis ruddi_Rudd's Apalis	12
Artisornis metopias_African Tailorbird	12
Artisornis moreaui_Long-billed Tailorbird	12
Chamaetylas fuelleborni_White-chested Alethe	12
Conirostrum speciosum_Chestnut-vented Conebill	12
Crithagra menachensis_Yemen Serin	12
Crithagra scotops_Forest Canary	12
Crypturellus parvirostris_Small-billed Tinamou	12
Eupodotis caerulescens_Blue Bustard	12
Galerida magnirostris_Large-billed Lark	12
Hapalocrex flaviventer_Yellow-breasted Crake	12
Iduna rama_Sykes's Warbler	12
Motacilla citreola_Citrine Wagtail	12
Mustelirallus albicollis_Ash-throated Crake	12
Oreolais ruwenzorii_Rwenzori Apalis	12
Oriolus chlorocephalus_Green-headed Oriole	12
Otus pamelae_Arabian Scops-Owl	12
Pluvialis dominica_American Golden-Plover	12
Scleroptila afra_Gray-winged Francolin	12
Sheppardia gunningi_East Coast Akalat	12
Sporophila nigricollis_Yellow-bellied Seedeater	12
Swynnertonia swynnertoni_Swynnerton's Robin	12
Synallaxis albescens_Pale-breasted Spinetail	12
Turdus iliacus_Redwing	12
Ammodramus humeralis_Grassland Sparrow	11
Anthracothorax nigricollis_Black-throated Mango	11
Antrostomus rufus_Rufous Nightjar	11
Arundinicola leucocephala_White-headed Marsh Tyrant	11
Asemospiza fuliginosa_Sooty Grassquit	11
Athene cunicularia_Burrowing Owl	11
Buteo brachyurus_Short-tailed Hawk	11
Buteo nitidus_Gray-lined Hawk	11
Buteogallus urubitinga_Great Black Hawk	11
Camptostoma obsoletum_Southern Beardless-Tyrannulet	11
Capsiempis flaveola_Yellow Tyrannulet	11
Cariama cristata_Red-legged Seriema	11
Cercomacroides laeta_Willis's Antbird	11
Chaetura meridionalis_Sick's Swift	11
Charadrius collaris_Collared Plover	11
Charitospiza eucosma_Coal-crested Finch	11
Chloroceryle amazona_Amazon Kingfisher	11
Chloroceryle americana_Green Kingfisher	11
Chondrohierax uncinatus_Hook-billed Kite	11
Chrysuronia versicolor_Versicolored Emerald	11
Ciccaba virgata_Mottled Owl	11
Cnemotriccus fuscatus_Fuscous Flycatcher	11
Coccyzus melacoryphus_Dark-billed Cuckoo	11
Columbina minuta_Plain-breasted Ground Dove	11
Contopus cinereus_Tropical Pewee	11
Cossypha anomala_Olive-flanked Robin-Chat	11
Cyanerpes cyaneus_Red-legged Honeycreeper	11
Dendrocygna autumnalis_Black-bellied Whistling-Duck	11
Diopsittaca nobilis_Red-shouldered Macaw	11
Donacobius atricapilla_Black-capped Donacobius	11
Dryocopus lineatus_Lineated Woodpecker	11
Elaenia cristata_Plain-crested Elaenia	11
Elaenia flavogaster_Yellow-bellied Elaenia	11
Elanus leucurus_White-tailed Kite	11
Emberizoides herbicola_Wedge-tailed Grass-Finch	11
Empidonomus varius_Variegated Flycatcher	11
Eupsittula aurea_Peach-fronted Parakeet	11
Falco femoralis_Aplomado Falcon	11
Ficedula parva_Red-breasted Flycatcher	11
Florisuga fusca_Black Jacobin	11
Gampsonyx swainsonii_Pearl Kite	11
Geotrygon montana_Ruddy Quail-Dove	11
Geranoaetus melanoleucus_Black-chested Buzzard-Eagle	11
Geranospiza caerulescens_Crane Hawk	11
Glaucidium brasilianum_Ferruginous Pygmy-Owl	11
Heliothryx auritus_Black-eared Fairy	11
Hemithraupis guira_Guira Tanager	11
Herpetotheres cachinnans_Laughing Falcon	11
Hydropsalis torquata_Scissor-tailed Nightjar	11
Laniarius atroflavus_Yellow-breasted Boubou	11
Laniarius mufumbiri_Papyrus Gonolek	11
Lathrotriccus euleri_Euler's Flycatcher	11
Legatus leucophaius_Piratic Flycatcher	11
Leptopogon amaurocephalus_Sepia-capped Flycatcher	11
Leptotila rufaxilla_Gray-fronted Dove	11
Linaria yemenensis_Yemen Linnet	11
Loriotus cristatus_Flame-crested Tanager	11
Manacus manacus_White-bearded Manakin	11
Megascops choliba_Tropical Screech-Owl	11
Mionectes oleagineus_Ochre-bellied Flycatcher	11
Mycteria americana_Wood Stork	11
Myiarchus ferox_Short-crested Flycatcher	11
Myiarchus tyrannulus_Brown-crested Flycatcher	11
Myiopagis caniceps_Gray Elaenia	11
Myiophobus fasciatus_Bran-colored Flycatcher	11
Myrmotherula axillaris_White-flanked Antwren	11
Nemosia pileata_Hooded Tanager	11
Nyctanassa violacea_Yellow-crowned Night-Heron	11
Nyctibius griseus_Common Potoo	11
Nyctidromus albicollis_Common Pauraque	11
Pachyramphus polychopterus_White-winged Becard	11
Petrochelidon pyrrhonota_Cliff Swallow	11
Phaeomyias murina_Mouse-colored Tyrannulet	11
Phaethornis pretrei_Planalto Hermit	11
Phaethornis ruber_Reddish Hermit	11
Picumnus exilis_Golden-spangled Piculet	11
Platyrinchus mystaceus_White-throated Spadebill	11
Podilymbus podiceps_Pied-billed Grebe	11
Porphyrio martinica_Purple Gallinule	11
Psittacula eupatria_Alexandrine Parakeet	11
Pterocles alchata_Pin-tailed Sandgrouse	11
Ramphocaenus melanurus_Long-billed Gnatwren	11
Remiz pendulinus_Eurasian Penduline-Tit	11
Rhynchotus rufescens_Red-winged Tinamou	11
Rostrhamus sociabilis_Snail Kite	11
Setopagis parvula_Little Nightjar	11
Sittasomus griseicapillus_Olivaceous Woodcreeper	11
Spizaetus tyrannus_Black Hawk-Eagle	11
Sporophila lineola_Lined Seedeater	11
Stilpnia cayana_Burnished-buff Tanager	11
Sublegatus modestus_Southern Scrub-Flycatcher	11
Suiriri suiriri_Suiriri Flycatcher	11
Tangara velia_Opal-rumped Tanager	11
Tapera naevia_Striped Cuckoo	11
Tauraco leucotis_White-cheeked Turaco	11
Tersina viridis_Swallow Tanager	11
Thamnophilus palliatus_Chestnut-backed Antshrike	11
Thlypopsis sordida_Orange-headed Tanager	11
Tolmomyias sulphurescens_Yellow-olive Flycatcher	11
Tringa flavipes_Lesser Yellowlegs	11
Tringa solitaria_Solitary Sandpiper	11
Trogon rufus_Black-throated Trogon	11
Turdus menachensis_Yemen Thrush	11
Tyrannus savana_Fork-tailed Flycatcher	11
Vireo chivi_Chivi Vireo	11
Volatinia jacarina_Blue-black Grassquit	11
Xenops minutus_Plain Xenops	11
Actitis macularius_Spotted Sandpiper	10
Aegypius monachus_Cinereous Vulture	10
Amazonetta brasiliensis_Brazilian Teal	10
Anser anser_Graylag Goose	10
Anthus lutescens_Yellowish Pipit	10
Anurolimnas viridis_Russet-crowned Crake	10
Aramides cajaneus_Gray-cowled Wood-Rail	10
Ardea cocoi_Cocoi Heron	10
Arremon taciturnus_Pectoral Sparrow	10
Asio clamator_Striped Owl	10
Attila spadiceus_Bright-rumped Attila	10
Basileuterus culicivorus_Golden-crowned Warbler	10
Batis mixta_Short-tailed Batis	10
Brotogeris tirica_Plain Parakeet	10
Buteo albonotatus_Zone-tailed Hawk	10
Buteogallus meridionalis_Savanna Hawk	10
Cacicus solitarius_Solitary Black Cacique	10
Calidris melanotos_Pectoral Sandpiper	10
Calidris pusilla_Semipalmated Sandpiper	10
Campylorhamphus trochilirostris_Red-billed Scythebill	10
Cantorchilus longirostris_Long-billed Wren	10
Ceratopipra rubrocapilla_Red-headed Manakin	10
Certhiaxis cinnamomeus_Yellow-chinned Spinetail	10
Certhilauda chuana_Short-clawed Lark	10
Charadrius semipalmatus_Semipalmated Plover	10
Chionomesa fimbriata_Glittering-throated Emerald	10
Chiroxiphia pareola_Blue-backed Manakin	10
Chlorestes cyanus_White-chinned Sapphire	10
Chlorestes notata_Blue-chinned Sapphire	10
Chlorostilbon lucidus_Glittering-bellied Emerald	10
Chrysolampis mosquitus_Ruby-topaz Hummingbird	10
Chrysomus ruficapillus_Chestnut-capped Blackbird	10
Claravis pretiosa_Blue Ground Dove	10
Coereba flaveola_Bananaquit	10
Columbina passerina_Common Ground Dove	10
Columbina picui_Picui Ground Dove	10
Conirostrum bicolor_Bicolored Conebill	10
Conopophaga melanops_Black-cheeked Gnateater	10
Corvus monedula_Eurasian Jackdaw	10
Coryphospingus pileatus_Pileated Finch	10
Crypturellus soui_Little Tinamou	10
Crypturellus tataupa_Tataupa Tinamou	10
Cyanoloxia brissonii_Ultramarine Grosbeak	10
Cyclarhis gujanensis_Rufous-browed Peppershrike	10
Cypsnagra hirundinacea_White-rumped Tanager	10
Dacnis cayana_Blue Dacnis	10
Dendroplex picus_Straight-billed Woodcreeper	10
Dysithamnus mentalis_Plain Antvireo	10
Egretta caerulea_Little Blue Heron	10
Elaenia albiceps_White-crested Elaenia	10
Elaenia chiriquensis_Lesser Elaenia	10
Elaenia spectabilis_Large Elaenia	10
Eupetomena macroura_Swallow-tailed Hummingbird	10
Euphonia violacea_Violaceous Euphonia	10
Euscarthmus meloryphus_Rufous-crowned Pygmy-Tyrant	10
Fluvicola albiventer_Black-backed Water-Tyrant	10
Fluvicola nengeta_Masked Water-Tyrant	10
Formicivora grisea_White-fringed Antwren	10
Formicivora rufa_Rusty-backed Antwren	10
Forpus xanthopterygius_Cobalt-rumped Parrotlet	10
Furnarius figulus_Wing-banded Hornero	10
Galbula ruficauda_Rufous-tailed Jacamar	10
Gallinago paraguaiae_Paraguayan Snipe	10
Gallinula galeata_Common Gallinule	10
Glaucis hirsutus_Rufous-breasted Hermit	10
Guira guira_Guira Cuckoo	10
Halcyon smyrnensis_White-throated Kingfisher	10
Hirundinea ferruginea_Cliff Flycatcher	10
Hylophilus amaurocephalus_Gray-eyed Greenlet	10
Icterus jamacaii_Campo Troupial	10
Laterallus exilis_Gray-breasted Crake	10
Laterallus melanophaius_Rufous-sided Crake	10
Leistes superciliaris_White-browed Meadowlark	10
Leptotila verreauxi_White-tipped Dove	10
Machetornis rixosa_Cattle Tyrant	10
Megaceryle torquata_Ringed Kingfisher	10
Megarynchus pitangua_Boat-billed Flycatcher	10
Melanerpes candidus_White Woodpecker	10
Milvago chimachima_Yellow-headed Caracara	10
Mimus gilvus_Tropical Mockingbird	10
Mirafra apiata_Cape Clapper Lark	10
Molothrus bonariensis_Shiny Cowbird	10
Momotus momota_Amazonian Motmot	10
Mustelirallus erythrops_Paint-billed Crake	10
Myiobius barbatus_Whiskered Flycatcher	10
Myiodynastes maculatus_Streaked Flycatcher	10
Myiopagis viridicata_Greenish Elaenia	10
Myiozetetes similis_Social Flycatcher	10
Nannopterum brasilianum_Neotropic Cormorant	10
Neopelma pallescens_Pale-bellied Tyrant-Manakin	10
Nothura boraquira_White-bellied Nothura	10
Nothura maculosa_Spotted Nothura	10
Ornithion inerme_White-lored Tyrannulet	10
Ortalis araucuan_East Brazilian Chachalaca	10
Pachyramphus validus_Crested Becard	10
Pachyramphus viridis_Green-backed Becard	10
Pardirallus maculatus_Spotted Rail	10
Pardirallus nigricans_Blackish Rail	10
Paroaria dominicana_Red-cowled Cardinal	10
Parus major_Great Tit	10
Patagioenas cayennensis_Pale-vented Pigeon	10
Patagioenas speciosa_Scaled Pigeon	10
Penelope superciliaris_Rusty-margined Guan	10
Phacellodomus rufifrons_Rufous-fronted Thornbird	10
Pheugopedius genibarbis_Moustached Wren	10
Phyllomyias fasciatus_Planalto Tyrannulet	10
Piaya cayana_Squirrel Cuckoo	10
Piculus flavigula_Yellow-throated Woodpecker	10
Pionus menstruus_Blue-headed Parrot	10
Ploceus manyar_Streaked Weaver	10
Poecilotriccus plumbeiceps_Ochre-faced Tody-Flycatcher	10
Polytmus guainumbi_White-tailed Goldenthroat	10
Progne chalybea_Gray-breasted Martin	10
Pteroglossus aracari_Black-necked Aracari	10
Pteroglossus inscriptus_Lettered Aracari	10
Pulsatrix perspicillata_Spectacled Owl	10
Pycnonotus capensis_Cape Bulbul	10
Rallus longirostris_Mangrove Rail	10
Ramphastos vitellinus_Channel-billed Toucan	10
Ramphocelus bresilius_Brazilian Tanager	10
Rhopospina caerulescens_Blue Finch	10
Rhytipterna simplex_Grayish Mourner	10
Saltator maximus_Buff-throated Saltator	10
Setophaga pitiayumi_Tropical Parula	10
Sicalis luteola_Grassland Yellow-Finch	10
Sporophila albogularis_White-throated Seedeater	10
Sporophila bouvreuil_Copper Seedeater	10
Sporophila leucoptera_White-bellied Seedeater	10
Synallaxis frontalis_Sooty-fronted Spinetail	10
Synallaxis infuscata_Pinto's Spinetail	10
Tachornis squamata_Fork-tailed Palm-Swift	10
Tachybaptus dominicus_Least Grebe	10
Tachycineta albiventer_White-winged Swallow	10
Tachyphonus rufus_White-lined Tanager	10
Tangara cyanocephala_Red-necked Tanager	10
Taraba major_Great Antshrike	10
Thraupis palmarum_Palm Tanager	10
Tigrisoma lineatum_Rufescent Tiger-Heron	10
Todiramphus chloris_Collared Kingfisher	10
Tolmomyias flaviventris_Yellow-breasted Flycatcher	10
Touit surdus_Golden-tailed Parrotlet	10
Tringa melanoleuca_Greater Yellowlegs	10
Turdus amaurochalinus_Creamy-bellied Thrush	10
Turdus rufiventris_Rufous-bellied Thrush	10
Tyrannus melancholicus_Tropical Kingbird	10
Vanellus chilensis_Southern Lapwing	10
Xenops rutilans_Streaked Xenops	10
Xiphorhynchus guttatus_Buff-throated Woodcreeper	10
Xolmis irupero_White Monjita	10
Zenaida auriculata_Eared Dove	10
Zonotrichia capensis_Rufous-collared Sparrow	10
Accipiter striatus_Sharp-shinned Hawk	9
Amandava amandava_Red Avadavat	9
Amazona aestiva_Turquoise-fronted Parrot	9
Amazona amazonica_Orange-winged Parrot	9
Anser albifrons_Greater White-fronted Goose	9
Aramus guarauna_Limpkin	9
Calidris minutilla_Least Sandpiper	9
Campephilus melanoleucos_Crimson-crested Woodpecker	9
Caracara plancus_Crested Caracara	9
Carpornis melanocephala_Black-headed Berryeater	9
Caryothraustes canadensis_Yellow-green Grosbeak	9
Cathartes aura_Turkey Vulture	9
Chersophilus duponti_Dupont's Lark	9
Coccothraustes coccothraustes_Hawfinch	9
Coccyzus euleri_Pearly-breasted Cuckoo	9
Colaptes campestris_Campo Flicker	9
Colaptes melanochloros_Green-barred Woodpecker	9
Columbina squammata_Scaled Dove	9
Columbina talpacoti_Ruddy Ground Dove	9
Coragyps atratus_Black Vulture	9
Corvus corax_Common Raven	9
Cossypha dichroa_Chorister Robin-Chat	9
Crotophaga ani_Smooth-billed Ani	9
Dendrocincla turdina_Plain-winged Woodcreeper	9
Dryobates affinis_Red-stained Woodpecker	9
Dryobates passerinus_Little Woodpecker	9
Egretta thula_Snowy Egret	9
Eupetomena cirrochloris_Sombre Hummingbird	9
Euphonia chlorotica_Purple-throated Euphonia	9
Falco sparverius_American Kestrel	9
Furnarius rufus_Rufous Hornero	9
Hemithraupis flavicollis_Yellow-backed Tanager	9
Hemitriccus griseipectus_White-bellied Tody-Tyrant	9
Hydrocoloeus minutus_Little Gull	9
Hylocharis sapphirina_Rufous-throated Sapphire	9
Icterus pyrrhopterus_Variable Oriole	9
Ictinia plumbea_Plumbeous Kite	9
Jacana jacana_Wattled Jacana	9
Lepidocolaptes angustirostris_Narrow-billed Woodcreeper	9
Lipaugus vociferans_Screaming Piha	9
Lullula arborea_Wood Lark	9
Melanocorypha calandra_Calandra Lark	9
Mergus serrator_Red-breasted Merganser	9
Mimus saturninus_Chalk-browed Mockingbird	9
Myiothlypis flaveola_Flavescent Warbler	9
Myrmoderus ruficauda_Scalloped Antbird	9
Myrmorchilus strigilatus_Stripe-backed Antbird	9
Nengetus cinereus_Gray Monjita	9
Netta rufina_Red-crested Pochard	9
Padda oryzivora_Java Sparrow	9
Patagioenas picazuro_Picazuro Pigeon	9
Phylloscartes ceciliae_Alagoas Tyrannulet	9
Pitangus sulphuratus_Great Kiskadee	9
Prinia hypoxantha_Drakensberg Prinia	9
Progne tapera_Brown-chested Martin	9
Pterocles orientalis_Black-bellied Sandgrouse	9
Pyriglena leuconota_East Amazonian Fire-eye	9
Rhea americana_Greater Rhea	9
Rupornis magnirostris_Roadside Hawk	9
Schiffornis turdina_Brown-winged Schiffornis	9
Scolopax rusticola_Eurasian Woodcock	9
Sicalis flaveola_Saffron Finch	9
Sternula superciliaris_Yellow-billed Tern	9
Stigmatura budytoides_Greater Wagtail-Tyrant	9
Tauraco corythaix_Knysna Turaco	9
Thamnophilus aethiops_White-shouldered Antshrike	9
Thamnophilus caerulescens_Variable Antshrike	9
Thamnophilus doliatus_Barred Antshrike	9
Thraupis sayaca_Sayaca Tanager	9
Todirostrum cinereum_Common Tody-Flycatcher	9
Troglodytes aedon_House Wren	9
Turdus leucomelas_Pale-breasted Thrush	9
Zimmerius acer_Guianan Tyrannulet	9
Amaurolimnas concolor_Uniform Crake	8
Aratinga jandaya_Jandaya Parakeet	8
Cacicus cela_Yellow-rumped Cacique	8
Calendulauda albescens_Karoo Lark	8
Carpodacus synoicus_Sinai Rosefinch	8
Chordeiles nacunda_Nacunda Nighthawk	8
Compsothraupis loricata_Scarlet-throated Tanager	8
Conopophaga cearae_Ceara Gnateater	8
Coracias benghalensis_Indian Roller	8
Cranioleuca semicinerea_Gray-headed Spinetail	8
Cyanocorax cyanopogon_White-naped Jay	8
Eupsittula cactorum_Cactus Parakeet	8
Formicivora melanogaster_Black-bellied Antwren	8
Furnarius leucopus_Pale-legged Hornero	8
Geronticus eremita_Northern Bald Ibis	8
Herpsilochmus atricapillus_Black-capped Antwren	8
Herpsilochmus frater_Rusty-winged Antwren	8
Herpsilochmus pectoralis_Pectoral Antwren	8
Lonchura punctulata_Scaly-breasted Munia	8
Loxia curvirostra_Red Crossbill	8
Nystalus maculatus_Spot-backed Puffbird	8
Ortygornis pondicerianus_Gray Francolin	8
Pernis ptilorhynchus_Oriental Honey-buzzard	8
Phaetusa simplex_Large-billed Tern	8
Phylloscopus orientalis_Eastern Bonelli's Warbler	8
Picumnus limae_Ochraceous Piculet	8
Poecilotriccus fumifrons_Smoky-fronted Tody-Flycatcher	8
Pogoniulus leucomystax_Moustached Tinkerbird	8
Polioptila plumbea_Tropical Gnatcatcher	8
Porphyrio flavirostris_Azure Gallinule	8
Pseudoseisura cristata_Caatinga Cacholote	8
Pycnonotus cafer_Red-vented Bulbul	8
Regulus regulus_Goldcrest	8
Stelgidopteryx ruficollis_Southern Rough-winged Swallow	8
Stigmatura napensis_Lesser Wagtail-Tyrant	8
Synallaxis scutata_Ochre-cheeked Spinetail	8
Tauraco hartlaubi_Hartlaub's Turaco	8
Terenura sicki_Orange-bellied Antwren	8
Thamnophilus pelzelni_Planalto Slaty-Antshrike	8
Thamnophilus torquatus_Rufous-winged Antshrike	8
Trogon curucui_Blue-crowned Trogon	8
Turdus flavipes_Yellow-legged Thrush	8
Accipiter bicolor_Bicolored Hawk	7
Alaudala heinei_Turkestan Short-toed Lark	7
Alca torda_Razorbill	7
Anhinga anhinga_Anhinga	7
Apus unicolor_Plain Swift	7
Aythya marila_Greater Scaup	7
Cairina moschata_Muscovy Duck	7
Certhilauda semitorquata_Eastern Long-billed Lark	7
Chordeiles minor_Common Nighthawk	7
Coccyzus americanus_Yellow-billed Cuckoo	7
Crotophaga major_Greater Ani	7
Curruca undata_Dartford Warbler	7
Cyanistes teneriffae_African Blue Tit	7
Emberiza cia_Rock Bunting	7
Emberiza cirlus_Cirl Bunting	7
Emberiza melanocephala_Black-headed Bunting	7
Emberiza schoeniclus_Reed Bunting	7
Eremophila alpestris_Horned Lark	7
Euodice malabarica_Indian Silverbill	7
Geranoaetus albicaudatus_White-tailed Hawk	7
Gnorimopsar chopi_Chopi Blackbird	7
Himantopus mexicanus_Black-necked Stilt	7
Hypocolius ampelinus_Hypocolius	7
Ixobrychus exilis_Least Bittern	7
Ixobrychus involucris_Stripe-backed Bittern	7
Laniarius poensis_Western Boubou	7
Larus marinus_Great Black-backed Gull	7
Mergus merganser_Common Merganser	7
Micrastur semitorquatus_Collared Forest-Falcon	7
Mirafra cheniana_Latakoo Lark	7
Molothrus rufoaxillaris_Screaming Cowbird	7
Myiarchus swainsoni_Swainson's Flycatcher	7
Oriolus monacha_Ethiopian Black-headed Oriole	7
Parabuteo unicinctus_Harris's Hawk	7
Passer rufocinctus_Kenya Rufous Sparrow	7
Perdicula asiatica_Jungle Bush-Quail	7
Periparus ater_Coal Tit	7
Petronia petronia_Rock Sparrow	7
Phasianus colchicus_Ring-necked Pheasant	7
Phylloscopus neglectus_Plain Leaf Warbler	7
Piculus chrysochloros_Golden-green Woodpecker	7
Piranga flava_Hepatic Tanager	7
Podiceps grisegena_Red-necked Grebe	7
Prunella ocularis_Radde's Accentor	7
Pycnonotus leucotis_White-eared Bulbul	7
Pygochelidon cyanoleuca_Blue-and-white Swallow	7
Regulus ignicapilla_Common Firecrest	7
Rynchops niger_Black Skimmer	7
Schistochlamys melanopis_Black-faced Tanager	7
Schistochlamys ruficapillus_Cinnamon Tanager	7
Serpophaga subcristata_White-crested Tyrannulet	7
Sporophila angolensis_Chestnut-bellied Seed-Finch	7
Streptoprocne biscutata_Biscutate Swift	7
Synallaxis hypospodia_Cinereous-breasted Spinetail	7
Systellura longirostris_Band-winged Nightjar	7
Tachycineta leucorrhoa_White-rumped Swallow	7
Theristicus caudatus_Buff-necked Ibis	7
Troglodytes troglodytes_Eurasian Wren	7
Turdoides sharpei_Black-lored Babbler	7
Agapornis fischeri_Fischer's Lovebird	6
Agapornis taranta_Black-winged Lovebird	6
Anthobaphes violacea_Orange-breasted Sunbird	6
Apalis chapini_Chapin's Apalis	6
Arremon franciscanus_Sao Francisco Sparrow	6
Augastes lumachella_Hooded Visorbearer	6
Bostrychia carunculata_Wattled Ibis	6
Celeus ochraceus_Ochre-backed Woodpecker	6
Chaetura spinicaudus_Band-rumped Swift	6
Chamaeza meruloides_Such's Antthrush	6
Chionomesa lactea_Sapphire-spangled Emerald	6
Chlorophonia cyanea_Blue-naped Chlorophonia	6
Chlorophonia cyanocephala_Golden-rumped Euphonia	6
Chordeiles acutipennis_Lesser Nighthawk	6
Cisticola hunteri_Hunter's Cisticola	6
Cisticola nigriloris_Black-lored Cisticola	6
Colibri serrirostris_White-vented Violetear	6
Columba oenas_Stock Dove	6
Conopophaga lineata_Rufous Gnateater	6
Corythopis delalandi_Southern Antpipit	6
Cranioleuca vulpina_Rusty-backed Spinetail	6
Crypturellus noctivagus_Yellow-legged Tinamou	6
Culicivora caudacuta_Sharp-tailed Tyrant	6
Dendrocolaptes platyrostris_Planalto Woodcreeper	6
Dendroma rufa_Buff-fronted Foliage-gleaner	6
Drymophila ochropyga_Ochre-rumped Antbird	6
Elaenia sordida_Small-headed Elaenia	6
Elanoides forficatus_Swallow-tailed Kite	6
Eleoscytalopus indigoticus_White-breasted Tapaculo	6
Eupodotis afra_Black Bustard	6
Falco rufigularis_Bat Falcon	6
Formicarius colma_Rufous-capped Antthrush	6
Geothlypis aequinoctialis_Masked Yellowthroat	6
Haplospiza unicolor_Uniform Finch	6
Harpagus diodon_Rufous-thighed Kite	6
Hemithraupis ruficapilla_Rufous-headed Tanager	6
Lamprotornis hildebrandti_Hildebrandt's Starling	6
Leptodon cayanensis_Gray-headed Kite	6
Lochmias nematura_Sharp-tailed Streamcreeper	6
Mackenziaena severa_Tufted Antshrike	6
Mesembrinibis cayennensis_Green Ibis	6
Micrastur ruficollis_Barred Forest-Falcon	6
Molothrus oryzivorus_Giant Cowbird	6
Monasa morphoeus_White-fronted Nunbird	6
Muscipipra vetula_Shear-tailed Gray Tyrant	6
Myiobius atricaudus_Black-tailed Flycatcher	6
Myiothlypis rivularis_Riverbank Warbler	6
Neothraupis fasciata_White-banded Tanager	6
Odontophorus capueira_Spot-winged Wood-Quail	6
Phimosus infuscatus_Bare-faced Ibis	6
Phyllomyias burmeisteri_Rough-legged Tyrannulet	6
Phylloscartes oustaleti_Oustalet's Tyrannulet	6
Pionopsitta pileata_Pileated Parrot	6
Pionus maximiliani_Scaly-headed Parrot	6
Pipraeidea melanonota_Fawn-breasted Tanager	6
Piprites chloris_Wing-barred Piprites	6
Poicephalus robustus_Cape Parrot	6
Polioptila dumicola_Masked Gnatcatcher	6
Primolius maracana_Blue-winged Macaw	6
Promerops cafer_Cape Sugarbird	6
Prunella modularis_Dunnock	6
Psittacara leucophthalmus_White-eyed Parakeet	6
Pteroglossus bailloni_Saffron Toucanet	6
Pyriglena atra_Fringe-backed Fire-eye	6
Ramphastos dicolorus_Red-breasted Toucan	6
Ramphastos toco_Toco Toucan	6
Rhopias gularis_Star-throated Antwren	6
Saltator fuliginosus_Black-throated Grosbeak	6
Schiffornis virescens_Greenish Schiffornis	6
Sclerurus caudacutus_Black-tailed Leaftosser	6
Sclerurus scansor_Rufous-breasted Leaftosser	6
Scytalopus diamantinensis_Diamantina Tapaculo	6
Sheppardia sharpei_Sharpe's Akalat	6
Spinus magellanicus_Hooded Siskin	6
Sporophila frontalis_Buffy-fronted Seedeater	6
Streptoprocne zonaris_White-collared Swift	6
Sturnus unicolor_Spotless Starling	6
Sylvia nigricapillus_Bush Blackcap	6
Synallaxis cinerea_Bahia Spinetail	6
Synallaxis spixi_Spix's Spinetail	6
Tchagra tchagra_Southern Tchagra	6
Thamnomanes caesius_Cinereous Antshrike	6
Thraupis cyanoptera_Azure-shouldered Tanager	6
Thripophaga macroura_Striated Softtail	6
Tityra cayana_Black-tailed Tityra	6
Tringa semipalmata_Willet	6
Turdus albicollis_White-necked Thrush	6
Tyrannus albogularis_White-throated Kingbird	6
Vanellus melanocephalus_Spot-breasted Lapwing	6
Zavattariornis stresemanni_Stresemann's Bush-Crow	6
Accipiter superciliosus_Tiny Hawk	5
Acridotheres ginginianus_Bank Myna	5
Acrobatornis fonsecai_Pink-legged Graveteiro	5
Agelasticus cyanopus_Unicolored Blackbird	5
Amaurospiza moesta_Blackish-blue Seedeater	5
Amazona farinosa_Mealy Parrot	5
Amazona rhodocorytha_Red-browed Parrot	5
Anabacerthia lichtensteini_Ochre-breasted Foliage-gleaner	5
Anabazenops fuscus_White-collared Foliage-gleaner	5
Anhima cornuta_Horned Screamer	5
Anodorhynchus leari_Indigo Macaw	5
Aramides ypecaha_Giant Wood-Rail	5
Asio stygius_Stygian Owl	5
Atticora tibialis_White-thighed Swallow	5
Attila rufus_Gray-hooded Attila	5
Automolus leucophthalmus_White-eyed Foliage-gleaner	5
Baryphthengus ruficapillus_Rufous-capped Motmot	5
Bubo virginianus_Great Horned Owl	5
Busarellus nigricollis_Black-collared Hawk	5
Cacicus haemorrhous_Red-rumped Cacique	5
Campephilus robustus_Robust Woodpecker	5
Campylorhamphus falcularius_Black-billed Scythebill	5
Campylorhynchus turdinus_Thrush-like Wren	5
Cantorchilus leucotis_Buff-breasted Wren	5
Celeus flavescens_Blond-crested Woodpecker	5
Celeus torquatus_Ringed Woodpecker	5
Cercomacra brasiliana_Rio de Janeiro Antbird	5
Chaetura cinereiventris_Gray-rumped Swift	5
Chamaeza campanisona_Short-tailed Antthrush	5
Charadrius wilsonia_Wilson's Plover	5
Chelidoptera tenebrosa_Swallow-winged Puffbird	5
Chiroxiphia caudata_Swallow-tailed Manakin	5
Chlorophanes spiza_Green Honeycreeper	5
Chordeiles pusillus_Least Nighthawk	5
Ciccaba huhula_Black-banded Owl	5
Cichlocolaptes leucophrus_Pale-browed Treehunter	5
Cichlopsis leucogenys_Rufous-brown Solitaire	5
Cissopis leverianus_Magpie Tanager	5
Clytolaema rubricauda_Brazilian Ruby	5
Cochlearius cochlearius_Boat-billed Heron	5
Colibri delphinae_Brown Violetear	5
Colonia colonus_Long-tailed Tyrant	5
Conopias trivirgatus_Three-striped Flycatcher	5
Cranioleuca pallida_Pallid Spinetail	5
Crithagra buchanani_Southern Grosbeak-Canary	5
Crypturellus obsoletus_Brown Tinamou	5
Crypturellus variegatus_Variegated Tinamou	5
Cyanocorax chrysops_Plush-crested Jay	5
Dromococcyx pavoninus_Pavonine Cuckoo	5
Dromococcyx phasianellus_Pheasant Cuckoo	5
Drymophila ferruginea_Ferruginous Antbird	5
Drymophila squamata_Scaled Antbird	5
Dysithamnus plumbeus_Plumbeous Antvireo	5
Dysithamnus stictothorax_Spot-breasted Antvireo	5
Elaenia mesoleuca_Olivaceous Elaenia	5
Embernagra longicauda_Pale-throated Pampa-Finch	5
Empidonomus aurantioatrocristatus_Crowned Slaty Flycatcher	5
Eucometis penicillata_Gray-headed Tanager	5
Euphonia pectoralis_Chestnut-bellied Euphonia	5
Euphonia xanthogaster_Orange-bellied Euphonia	5
Formicivora iheringi_Narrow-billed Antwren	5
Gallinago undulata_Giant Snipe	5
Glaucidium minutissimum_Least Pygmy-Owl	5
Glyphorynchus spirurus_Wedge-billed Woodcreeper	5
Grallaria varia_Variegated Antpitta	5
Habia rubica_Red-crowned Ant-Tanager	5
Harpagus bidentatus_Double-toothed Kite	5
Hemitriccus diops_Drab-breasted Pygmy-Tyrant	5
Hemitriccus furcatus_Fork-tailed Pygmy-Tyrant	5
Hemitriccus nidipendulus_Hangnest Tody-Tyrant	5
Hemitriccus striaticollis_Stripe-necked Tody-Tyrant	5
Herpsilochmus pileatus_Bahia Antwren	5
Herpsilochmus rufimarginatus_Rufous-margined Antwren	5
Herpsilochmus sellowi_Caatinga Antwren	5
Histurgops ruficauda_Rufous-tailed Weaver	5
Hypoedaleus guttatus_Spot-backed Antshrike	5
Ilicura militaris_Pin-tailed Manakin	5
Iodopleura pipra_Buff-throated Purpletuft	5
Jacamaralcyon tridactyla_Three-toed Jacamar	5
Larus canus_Common Gull	5
Lepidocolaptes squamatus_Scaled Woodcreeper	5
Lipaugus lanioides_Cinnamon-vented Piha	5
Lurocalis semitorquatus_Short-tailed Nighthawk	5
Machaeropterus regulus_Kinglet Manakin	5
Malacoptila striata_Crescent-chested Puffbird	5
Megascops atricapilla_Black-capped Screech-Owl	5
Melanerpes flavifrons_Yellow-fronted Woodpecker	5
Mionectes rufiventris_Gray-hooded Flycatcher	5
Modulatrix stictigula_Spot-throat	5
Myiarchus tuberculifer_Dusky-capped Flycatcher	5
Myiornis auricularis_Eared Pygmy-Tyrant	5
Myiozetetes cayanensis_Rusty-margined Flycatcher	5
Myrmoderus loricatus_White-bibbed Antbird	5
Myrmotherula minor_Salvadori's Antwren	5
Myrmotherula urosticta_Band-tailed Antwren	5
Nonnula rubecula_Rusty-breasted Nunlet	5
Notharchus swainsoni_Buff-bellied Puffbird	5
Nyctibius aethereus_Long-tailed Potoo	5
Nyctibius grandis_Great Potoo	5
Nyctibius leucopterus_White-winged Potoo	5
Nyctiphrynus ocellatus_Ocellated Poorwill	5
Nystalus chacuru_White-eared Puffbird	5
Oxyruncus cristatus_Sharpbill	5
Pachyramphus castaneus_Chestnut-crowned Becard	5
Pachyramphus marginatus_Black-capped Becard	5
Patagioenas plumbea_Plumbeous Pigeon	5
Phacellodomus erythrophthalmus_Orange-eyed Thornbird	5
Phaethornis eurynome_Scale-throated Hermit	5
Philydor atricapillus_Black-capped Foliage-gleaner	5
Phyllomyias griseocapilla_Gray-capped Tyrannulet	5
Phylloscartes roquettei_Minas Gerais Tyrannulet	5
Picumnus albosquamatus_White-wedged Piculet	5
Pitangus lictor_Lesser Kiskadee	5
Polystictus superciliaris_Gray-backed Tachuri	5
Porphyrio poliocephalus_Gray-headed Swamphen	5
Procnias nudicollis_Bare-throated Bellbird	5
Progne subis_Purple Martin	5
Psarocolius decumanus_Crested Oropendola	5
Pseudopipra pipra_White-crowned Manakin	5
Pterodroma madeira_Zino's Petrel	5
Pulsatrix koeniswaldiana_Tawny-browed Owl	5
Pycnonotus jocosus_Red-whiskered Bulbul	5
Pyriglena leucoptera_White-shouldered Fire-eye	5
Pyroderus scutatus_Red-ruffed Fruitcrow	5
Pyrrhura cruentata_Ochre-marked Parakeet	5
Pyrrhura frontalis_Maroon-bellied Parakeet	5
Pyrrhura leucotis_Maroon-faced Parakeet	5
Ramphocelus carbo_Silver-beaked Tanager	5
Ramphotrigon megacephalum_Large-headed Flatbill	5
Rhopornis ardesiacus_Slender Antbird	5
Rhynchocyclus olivaceus_Olivaceous Flatbill	5
Saltator similis_Green-winged Saltator	5
Saltatricula atricollis_Black-throated Saltator	5
Selenidera maculirostris_Spot-billed Toucanet	5
Sicalis citrina_Stripe-tailed Yellow-Finch	5
Sirystes sibilator_Sibilant Sirystes	5
Spizaetus melanoleucus_Black-and-white Hawk-Eagle	5
Spizaetus ornatus_Ornate Hawk-Eagle	5
Sporophila caerulescens_Double-collared Seedeater	5
Sporophila collaris_Rusty-collared Seedeater	5
Sporophila falcirostris_Temminck's Seedeater	5
Sporophila plumbea_Plumbeous Seedeater	5
Sterna hirundinacea_South American Tern	5
Stilpnia peruviana_Black-backed Tanager	5
Synallaxis hellmayri_Red-shouldered Spinetail	5
Syrigma sibilatrix_Whistling Heron	5
Tangara cyanoventris_Gilt-edged Tanager	5
Tangara mexicana_Turquoise Tanager	5
Tangara seledon_Green-headed Tanager	5
Terenura maculata_Streak-capped Antwren	5
Thalurania furcata_Fork-tailed Woodnymph	5
Thalurania glaucopis_Violet-capped Woodnymph	5
Thamnophilus ambiguus_Sooretama Slaty-Antshrike	5
Thraupis ornata_Golden-chevroned Tanager	5
Tinamus solitarius_Solitary Tinamou	5
Tityra inquisitor_Black-crowned Tityra	5
Todirostrum poliocephalum_Gray-headed Tody-Flycatcher	5
Tolmomyias poliocephalus_Gray-crowned Flycatcher	5
Touit melanonotus_Brown-backed Parrotlet	5
Trichothraupis melanops_Black-goggled Tanager	5
Trogon surrucura_Surucua Trogon	5
Trogon viridis_Green-backed Trogon	5
Turdus fumigatus_Cocoa Thrush	5
Turdus leucops_Pale-eyed Thrush	5
Vanellus cayanus_Pied Lapwing	5
Xenopsaris albinucha_White-naped Xenopsaris	5
Xiphocolaptes albicollis_White-throated Woodcreeper	5
Xiphorhynchus fuscus_Lesser Woodcreeper	5
Zosterops eurycricotus_Kilimanjaro White-eye	5
Agapornis personatus_Yellow-collared Lovebird	4
Alauda gulgula_Oriental Skylark	4
Alopochelidon fucata_Tawny-headed Swallow	4
Amazona vinacea_Vinaceous-breasted Parrot	4
Anabacerthia amaurotis_White-browed Foliage-gleaner	4
Anthus hellmayri_Hellmayr's Pipit	4
Antilophia galeata_Helmeted Manakin	4
Anumbius annumbi_Firewood-gatherer	4
Ara ararauna_Blue-and-yellow Macaw	4
Ara chloropterus_Red-and-green Macaw	4
Aramides saracura_Slaty-breasted Wood-Rail	4
Aratinga auricapillus_Golden-capped Parakeet	4
Ardenna carneipes_Flesh-footed Shearwater	4
Arremon semitorquatus_Half-collared Sparrow	4
Asthenes moreirae_Itatiaia Spinetail	4
Batara cinerea_Giant Antshrike	4
Biatas nigropectus_White-bearded Antshrike	4
Calidris tenuirostris_Great Knot	4
Carpornis cucullata_Hooded Berryeater	4
Celeus flavus_Cream-colored Woodpecker	4
Chaetops frenatus_Cape Rockjumper	4
Cinnyris mediocris_Eastern Double-collared Sunbird	4
Circus buffoni_Long-winged Harrier	4
Cisticola njombe_Churring Cisticola	4
Cryptillas victorini_Victorin's Warbler	4
Crypturellus undulatus_Undulated Tinamou	4
Cyanocorax cristatellus_Curl-crested Jay	4
Dendrocopos major_Great Spotted Woodpecker	4
Donacospiza albifrons_Long-tailed Reed Finch	4
Drymophila genei_Rufous-tailed Antbird	4
Dryobates maculifrons_Yellow-eared Woodpecker	4
Elaenia parvirostris_Small-billed Elaenia	4
Embernagra platensis_Great Pampa-Finch	4
Euphonia chalybea_Green-throated Euphonia	4
Euscarthmus rufomarginatus_Rufous-sided Pygmy-Tyrant	4
Falco deiroleucus_Orange-breasted Falcon	4
Formicivora grantsaui_Sincora Antwren	4
Formicivora serrana_Serra Antwren	4
Fratercula arctica_Atlantic Puffin	4
Geopelia striata_Zebra Dove	4
Glaucis dohrnii_Hook-billed Hermit	4
Gubernetes yetapa_Streamer-tailed Tyrant	4
Gymnoris xanthocollis_Yellow-throated Sparrow	4
Haematopus palliatus_American Oystercatcher	4
Harpia harpyja_Harpy Eagle	4
Heliobletus contaminatus_Sharp-billed Treehunter	4
Hemitriccus margaritaceiventer_Pearly-vented Tody-Tyrant	4
Hemitriccus orbitatus_Eye-ringed Tody-Tyrant	4
Hylophilus poicilotis_Rufous-crowned Greenlet	4
Jabiru mycteria_Jabiru	4
Lamprotornis unicolor_Ashy Starling	4
Laterallus leucopyrrhus_Red-and-white Crake	4
Leucochloris albicollis_White-throated Hummingbird	4
Mackenziaena leachii_Large-tailed Antshrike	4
Melanopareia torquata_Collared Crescentchest	4
Merulaxis ater_Slaty Bristlefront	4
Micrastur mintoni_Cryptic Forest-Falcon	4
Microspingus lateralis_Buff-throated Warbling Finch	4
Myiopagis gaimardii_Forest Elaenia	4
Neopelma aurifrons_Wied's Tyrant-Manakin	4
Orchesticus abeillei_Brown Tanager	4
Orthogonys chloricterus_Olive-green Tanager	4
Oxyura jamaicensis_Ruddy Duck	4
Parabuteo leucorrhous_White-rumped Hawk	4
Penelope obscura_Dusky-legged Guan	4
Phacellodomus ferrugineigula_Orange-breasted Thornbird	4
Phacellodomus ruber_Greater Thornbird	4
Phaethornis malaris_Great-billed Hermit	4
Phaethornis squalidus_Dusky-throated Hermit	4
Phyllomyias virescens_Greenish Tyrannulet	4
Phylloscartes difficilis_Serra do Mar Tyrannulet	4
Phylloscartes ventralis_Mottle-cheeked Tyrannulet	4
Piculus aurulentus_White-browed Woodpecker	4
Picumnus cirratus_White-barred Piculet	4
Picumnus pygmaeus_Spotted Piculet	4
Platalea ajaja_Roseate Spoonbill	4
Platyrinchus leucoryphus_Russet-winged Spadebill	4
Pseudocolopteryx sclateri_Crested Doradito	4
Pseudoleistes guirahuro_Yellow-rumped Marshbird	4
Psilorhamphus guttatus_Spotted Bamboowren	4
Pyrocephalus rubinus_Vermilion Flycatcher	4
Pyrrhocorax pyrrhocorax_Red-billed Chough	4
Ramphodon naevius_Saw-billed Hermit	4
Rhodospiza obsoleta_Desert Finch	4
Saltator maxillosus_Thick-billed Saltator	4
Schoeniophylax phryganophilus_Chotoy Spinetail	4
Scytalopus speluncae_Mouse-colored Tapaculo	4
Serpophaga nigricans_Sooty Tyrannulet	4
Sporophila pileata_Pearly-bellied Seedeater	4
Stephanophorus diadematus_Diademed Tanager	4
Stephanoxis lalandi_Green-crowned Plovercrest	4
Strix hylophila_Rusty-barred Owl	4
Synallaxis ruficapilla_Rufous-capped Spinetail	4
Syndactyla rufosuperciliata_Buff-browed Foliage-gleaner	4
Tachyphonus coronatus_Ruby-crowned Tanager	4
Tangara desmaresti_Brassy-breasted Tanager	4
Terpsiphone bourbonnensis_Mascarene Paradise-Flycatcher	4
Thalasseus maximus_Royal Tern	4
Thamnophilus ruficapillus_Rufous-capped Antshrike	4
Thectocercus acuticaudatus_Blue-crowned Parakeet	4
Thlypopsis pyrrhocoma_Chestnut-headed Tanager	4
Triclaria malachitacea_Blue-bellied Parrot	4
Turdus subalaris_Blacksmith Thrush	4
Vanellus indicus_Red-wattled Lapwing	4
Alectoris rufa_Red-legged Partridge	3
Anodorhynchus hyacinthinus_Hyacinth Macaw	3
Anthus petrosus_Rock Pipit	3
Bradypterus sylvaticus_Knysna Warbler	3
Bulweria bulwerii_Bulwer's Petrel	3
Buteo swainsoni_Swainson's Hawk	3
Certhia brachydactyla_Short-toed Treecreeper	3
Cettia cetti_Cetti's Warbler	3
Cinclus cinclus_White-throated Dipper	3
Dendrocopos syriacus_Syrian Woodpecker	3
Dryobates minor_Lesser Spotted Woodpecker	3
Garrulus glandarius_Eurasian Jay	3
Heliomaster longirostris_Long-billed Starthroat	3
Passer italiae_Italian Sparrow	3
Passer montanus_Eurasian Tree Sparrow	3
Picus vaillantii_Levaillant's Woodpecker	3
Plegadis chihi_White-faced Ibis	3
Podiceps auritus_Horned Grebe	3
Porphyrio porphyrio_Western Swamphen	3
Porphyriops melanops_Spot-flanked Gallinule	3
Prunella collaris_Alpine Accentor	3
Pygoscelis antarcticus_Chinstrap Penguin	3
Saltator coerulescens_Blue-gray Saltator	3
Tetrax tetrax_Little Bustard	3
Anthus godlewskii_Blyth's Pipit	2
Ardeola grayii_Indian Pond-Heron	2
Cinnyris asiaticus_Purple Sunbird	2
Corvus cornix_Hooded Crow	2
Emberiza leucocephalos_Pine Bunting	2
Gallinago stenura_Pin-tailed Snipe	2
Hydrophasianus chirurgus_Pheasant-tailed Jacana	2
Limnodromus griseus_Short-billed Dowitcher	2
Megaxenops parnaguae_Great Xenops	2
Myrmotherula unicolor_Unicolored Antwren	2
Ploceus philippinus_Baya Weaver	2
Prinia lepida_Delicate Prinia	2
Sitta europaea_Eurasian Nuthatch	2
Amaurornis phoenicurus_White-breasted Waterhen	1
Cacatua galerita_Sulphur-crested Cockatoo	1
Calidris subminuta_Long-toed Stint	1
Carpodacus erythrinus_Common Rosefinch	1
Chamaeza ruficauda_Rufous-tailed Antthrush	1
Cygnus olor_Mute Swan	1
Drymophila malura_Dusky-tailed Antbird	1
Drymophila rubricollis_Bertoni's Antbird	1
Dysithamnus xanthopterus_Rufous-backed Antvireo	1
Esacus recurvirostris_Great Thick-knee	1
Eudynamys scolopaceus_Asian Koel	1
Francolinus pintadeanus_Chinese Francolin	1
Glareola lactea_Small Pratincole	1
Gracupica contra_Asian Pied Starling	1
Hydrobates castro_Band-rumped Storm-Petrel	1
Ixobrychus sinensis_Yellow Bittern	1
Lipaugus ater_Black-and-gold Cotinga	1
Lonchura malacca_Tricolored Munia	1
Neopelma chrysolophum_Serra do Mar Tyrant-Manakin	1
Nettapus coromandelianus_Cotton Pygmy-Goose	1
Phylloscopus humei_Hume's Warbler	1
Phylloscopus inornatus_Yellow-browed Warbler	1
Phylloscopus nitidus_Green Warbler	1
Psittacula cyanocephala_Plum-headed Parakeet	1
Pygoscelis papua_Gentoo Penguin	1
Spheniscus magellanicus_Magellanic Penguin	1
Streptopelia chinensis_Spotted Dove	1
Streptopelia orientalis_Oriental Turtle-Dove	1
Turdus atrogularis_Black-throated Thrush	1
Zosterops palpebrosus_Indian White-eye	1
